event_id,user_id,event_time,event_name,feature_name,session_id,duration_ms
evt_18l5hyp7zq41,usr_sq02p42uth,2024-03-24T17:45:12.196,checkout_complete,,ses_0rv9408yi6ny,226526
evt_o3mw5ev10put,usr_sq02p42uth,2025-04-07T11:43:04.329,settings_change,,ses_0rv9408yi6ny,290149
evt_fh0mywd6lwol,usr_sq02p42uth,2024-02-08T22:12:00.502,settings_change,,ses_0rv9408yi6ny,121413
evt_qpaldqnqzdni,usr_sq02p42uth,2024-04-25T05:28:30.282,checkout_start,,ses_0rv9408yi6ny,168285
evt_l57sax2bccqz,usr_sq02p42uth,2025-03-11T12:49:30.003,settings_change,,ses_0rv9408yi6ny,150615
evt_7hcxq09lw5yv,usr_sq02p42uth,2024-08-06T16:41:59.838,profile_view,,ses_0rv9408yi6ny,141757
evt_53m7ke9n6yvh,usr_sq02p42uth,2024-03-04T00:03:15.197,checkout_start,,ses_0rv9408yi6ny,249995
evt_bsnkxyvn44su,usr_sq02p42uth,2024-08-06T21:56:15.975,video_play,,ses_0rv9408yi6ny,157786
evt_sxwiy1lit4uo,usr_sq02p42uth,2024-11-07T21:14:38.335,feature_click,homepage,ses_0rv9408yi6ny,230088
evt_g863ywwotun4,usr_sq02p42uth,2024-10-13T20:44:46.686,search,,ses_0rv9408yi6ny,165874
evt_kvmeazn0fci2,usr_sq02p42uth,2024-12-05T04:12:14.995,settings_change,,ses_0rv9408yi6ny,98167
evt_09xobjmr3r53,usr_sq02p42uth,2024-11-21T13:49:11.833,content_share,,ses_0rv9408yi6ny,217975
evt_lpy8553kkcl7,usr_sq02p42uth,2024-09-18T08:37:45.695,content_share,,ses_0rv9408yi6ny,37931
evt_hi5fpgdy4bmb,usr_sq02p42uth,2024-04-02T11:52:07.852,checkout_complete,,ses_0rv9408yi6ny,49545
evt_o9j5avvev9c2,usr_sq02p42uth,2025-04-17T07:11:44.789,profile_view,,ses_0rv9408yi6ny,200216
evt_7i0t112vzkmu,usr_sq02p42uth,2024-12-01T15:30:46.079,checkout_start,,ses_wq18gkxx59ap,217322
evt_2892r6ysod3h,usr_sq02p42uth,2025-04-01T19:27:38.021,video_play,,ses_xlja5riaxgds,354234
evt_550l6xqq1i50,usr_5kol5gjgqb,2023-09-28T13:50:31.893,app_open,,ses_lgemsze41lr3,1541217
evt_e8073xtdixqv,usr_5kol5gjgqb,2025-03-27T01:49:02.871,video_play,,ses_lgemsze41lr3,2405802
evt_bphie6221ebj,usr_5kol5gjgqb,2025-04-22T22:31:41.710,app_open,,ses_lgemsze41lr3,344375
evt_nv53zsavphsg,usr_5kol5gjgqb,2024-12-01T19:07:44.437,profile_view,,ses_88m8yswzvm57,77300
evt_cnjjfn3sp2hc,usr_5kol5gjgqb,2025-04-23T06:20:02.489,checkout_start,,ses_2pzol6re8l4x,171666
evt_exfzf82sdlj5,usr_5kol5gjgqb,2024-01-02T19:48:10.286,video_play,,ses_2pzol6re8l4x,2578937
evt_339e8fxyq868,usr_5kol5gjgqb,2024-02-18T02:43:15.778,checkout_start,,ses_9i2hf3jyx12h,153201
evt_u78ecupdnlto,usr_5kol5gjgqb,2025-01-08T01:04:46.187,profile_view,,ses_9i2hf3jyx12h,53096
evt_ublu9jdyz54s,usr_5kol5gjgqb,2024-05-07T14:23:20.685,search,,ses_9i2hf3jyx12h,198013
evt_mqkjrvzj3lu5,usr_5kol5gjgqb,2024-02-17T10:35:52.211,video_play,,ses_9i2hf3jyx12h,1321147
evt_l4lr9iw75jon,usr_5kol5gjgqb,2024-06-22T17:27:09.592,checkout_start,,ses_9i2hf3jyx12h,296097
evt_wbrm7j0lur4o,usr_5kol5gjgqb,2024-03-10T16:57:31.443,video_play,,ses_9i2hf3jyx12h,3510378
evt_cwore5iud1zc,usr_5kol5gjgqb,2023-10-21T08:12:53.356,profile_view,,ses_9i2hf3jyx12h,107973
evt_kyzwkbvhepdt,usr_5kol5gjgqb,2024-04-17T19:32:48.562,checkout_start,,ses_9i2hf3jyx12h,241038
evt_drry09l978a9,usr_5kol5gjgqb,2024-11-21T09:46:30.654,checkout_complete,,ses_9i2hf3jyx12h,279485
evt_wbnydtr9nbcz,usr_5kol5gjgqb,2025-03-25T19:26:21.039,notification_click,,ses_wa5d8fggymrn,
evt_6o8oa073fpcm,usr_5kol5gjgqb,2024-12-04T12:58:41.911,search,,ses_wa5d8fggymrn,125229
evt_ak08xfllzkc8,usr_5kol5gjgqb,2024-07-15T20:30:10.846,search,,ses_wa5d8fggymrn,126812
evt_x518f4wyfr62,usr_5kol5gjgqb,2024-11-02T11:31:12.679,video_play,,ses_wa5d8fggymrn,3543673
evt_um893it7d33s,usr_5kol5gjgqb,2024-07-31T18:20:29.429,video_play,,ses_wa5d8fggymrn,703033
evt_8lcpfrp7yew2,usr_5kol5gjgqb,2024-02-25T00:56:31.778,profile_view,,ses_wa5d8fggymrn,248943
evt_sqq2t207pc4k,usr_5kol5gjgqb,2023-08-08T00:24:42.068,app_open,,ses_wa5d8fggymrn,1225629
evt_m1m2rghy19om,usr_5kol5gjgqb,2024-08-05T03:42:23.812,profile_view,,ses_wa5d8fggymrn,107629
evt_nkcdzq9s7a7l,usr_5kol5gjgqb,2024-10-02T14:59:44.156,feature_click,settings,ses_wa5d8fggymrn,88156
evt_rmmaqvqyqacl,usr_uscrs8sx4y,2024-01-22T17:44:42.134,video_play,,ses_i0j258huft9r,1227207
evt_sm40gwx2r12z,usr_uscrs8sx4y,2024-12-02T01:01:27.291,checkout_start,,ses_i0j258huft9r,297018
evt_jm2kc4uc3nt5,usr_uscrs8sx4y,2025-03-17T12:23:06.310,profile_view,,ses_i0j258huft9r,281342
evt_v6fvt98ee3g1,usr_uscrs8sx4y,2025-05-16T21:31:47.625,content_share,,ses_i0j258huft9r,111379
evt_wzasojw2ng18,usr_uscrs8sx4y,2025-03-21T00:01:55.744,feature_click,checkout,ses_i0j258huft9r,130840
evt_flmoiy19nyqp,usr_uscrs8sx4y,2024-05-02T10:23:31.286,profile_view,,ses_i0j258huft9r,196665
evt_xr1noi0o1osv,usr_uscrs8sx4y,2024-02-27T16:39:51.975,content_share,,ses_i0j258huft9r,279083
evt_84gf62jie4ea,usr_uscrs8sx4y,2025-03-31T20:10:51.893,settings_change,,ses_ip7hl71y7spt,83512
evt_tdxrvzm6wdwt,usr_uscrs8sx4y,2025-04-23T03:54:10.384,video_play,,ses_ip7hl71y7spt,3059863
evt_xrze533m4lbc,usr_uscrs8sx4y,2024-07-10T06:25:23.389,search,,ses_81pz06b8llqh,64925
evt_mfn40g2p0cgu,usr_uscrs8sx4y,2024-07-21T14:31:21.918,search,,ses_81pz06b8llqh,202068
evt_i10ksrvjc7q4,usr_uscrs8sx4y,2024-07-22T18:09:48.332,app_open,,ses_81pz06b8llqh,3252106
evt_fsomfjhpxhpf,usr_uscrs8sx4y,2025-03-21T13:31:32.940,checkout_start,,ses_kgrrtyppg5xa,281069
evt_l0rph2s20617,usr_uscrs8sx4y,2025-02-01T02:46:50.951,video_play,,ses_kgrrtyppg5xa,2570775
evt_16lnlvq556ob,usr_uscrs8sx4y,2024-06-11T12:09:05.809,content_share,,ses_kgrrtyppg5xa,253589
evt_1qfv3l9yoexw,usr_uscrs8sx4y,2024-07-11T13:33:31.957,app_open,,ses_fegzzh42p89z,2476554
evt_4wbki9egr17m,usr_uscrs8sx4y,2024-08-06T17:11:18.163,feature_click,profile,ses_0oj3t7vw0l01,197512
evt_c06u3yrtrcpt,usr_uscrs8sx4y,2024-02-28T23:27:51.147,profile_view,,ses_0oj3t7vw0l01,228973
evt_hcl0nsb6z00s,usr_uscrs8sx4y,2025-05-09T01:59:03.133,profile_view,,ses_0oj3t7vw0l01,299970
evt_6mmqb494s0pd,usr_uscrs8sx4y,2024-11-29T07:02:44.124,app_open,,ses_0oj3t7vw0l01,3288617
evt_fl32seh6vbj0,usr_uscrs8sx4y,2025-05-05T04:22:36.330,notification_click,,ses_9lam80dcfv9k,
evt_k3tuiieu6kfb,usr_5dxss6nm2u,2024-04-19T08:36:23.926,feature_click,feed,ses_73xkr0atsasf,71014
evt_6l3tts629ntb,usr_5dxss6nm2u,2024-07-04T01:56:21.117,settings_change,,ses_73xkr0atsasf,149196
evt_qogya0eahckb,usr_5dxss6nm2u,2024-10-25T05:36:21.074,feature_click,profile,ses_73xkr0atsasf,200185
evt_q6hfws08nj8s,usr_5dxss6nm2u,2024-11-30T04:32:50.234,settings_change,,ses_73xkr0atsasf,212071
evt_tu2rj97tok4n,usr_5dxss6nm2u,2025-03-22T19:29:35.094,content_share,,ses_73xkr0atsasf,217133
evt_gmko5h2behsu,usr_5dxss6nm2u,2024-12-23T09:50:50.725,settings_change,,ses_73xkr0atsasf,21739
evt_9tn1anfgpode,usr_5dxss6nm2u,2024-08-23T01:13:46.571,checkout_start,,ses_z1bvbqm0wnsg,52008
evt_748abf5291ke,usr_5dxss6nm2u,2025-01-01T15:42:32.557,search,,ses_z1bvbqm0wnsg,184890
evt_pr0fr153v1nk,usr_5dxss6nm2u,2024-09-19T09:00:08.004,video_play,,ses_d3s4aj1nmdg8,1173026
evt_cqoadrck5mei,usr_5dxss6nm2u,2025-03-06T14:00:06.153,search,,ses_d3s4aj1nmdg8,188320
evt_1iy4wqzfl0xo,usr_up8k5z25be,2024-11-15T10:51:05.663,checkout_start,,ses_1846051p05fr,257602
evt_9vf55ytasxsu,usr_up8k5z25be,2025-01-28T10:49:32.317,notification_click,,ses_1846051p05fr,
evt_2ujg7ut0ywix,usr_up8k5z25be,2024-08-26T00:11:06.432,notification_click,,ses_1846051p05fr,
evt_qwcc408nr9l2,usr_up8k5z25be,2024-01-16T00:47:06.148,notification_click,,ses_1846051p05fr,
evt_g4oddirmrbyo,usr_up8k5z25be,2023-12-22T18:13:38.456,settings_change,,ses_1846051p05fr,172817
evt_6c4qkfbeamyt,usr_up8k5z25be,2024-02-02T03:58:31.906,video_play,,ses_1846051p05fr,231434
evt_lvklb1n8i7er,usr_up8k5z25be,2025-01-27T13:58:49.274,settings_change,,ses_1846051p05fr,230486
evt_g7b08dq5phgd,usr_up8k5z25be,2024-10-31T19:26:09.957,checkout_start,,ses_1846051p05fr,236154
evt_calq44atx1eu,usr_up8k5z25be,2024-05-14T19:33:32.932,checkout_start,,ses_m78f0qkokpcp,133961
evt_cbekgcpycz7n,usr_up8k5z25be,2024-06-24T04:57:53.273,profile_view,,ses_m78f0qkokpcp,19326
evt_m7tej9dawnxl,usr_up8k5z25be,2024-03-02T03:53:51.541,video_play,,ses_m78f0qkokpcp,1175672
evt_y5alecuk0yxk,usr_up8k5z25be,2024-07-02T12:04:55.411,search,,ses_m78f0qkokpcp,267498
evt_74bit88g3tat,usr_up8k5z25be,2024-08-28T00:46:53.795,profile_view,,ses_m78f0qkokpcp,247611
evt_ihzomzitgnuh,usr_up8k5z25be,2025-03-15T07:51:52.768,settings_change,,ses_m78f0qkokpcp,40991
evt_vhgb8pccc7nr,usr_h1qtverkgc,2025-05-16T09:50:03.087,checkout_complete,,ses_rvl481vh09ji,125098
evt_4xmmeso6soyn,usr_h1qtverkgc,2025-05-19T08:29:15.524,profile_view,,ses_rvl481vh09ji,250143
evt_jvxpw49qjq0p,usr_h1qtverkgc,2025-05-19T10:32:58.290,search,,ses_rvl481vh09ji,157857
evt_hj660qbsry09,usr_h1qtverkgc,2025-05-12T22:07:30.369,app_open,,ses_rvl481vh09ji,2985812
evt_ionq88sx5ghb,usr_h1qtverkgc,2025-05-13T05:30:46.806,checkout_start,,ses_rvl481vh09ji,252386
evt_7h7ruvurt4nf,usr_h1qtverkgc,2025-05-17T14:12:20.005,notification_click,,ses_rvl481vh09ji,
evt_5hufs5spli0o,usr_h1qtverkgc,2025-05-11T05:34:31.247,video_play,,ses_hgau36usf39x,1221797
evt_sk0sqjh1bv04,usr_h1qtverkgc,2025-05-12T12:12:41.021,notification_click,,ses_hgau36usf39x,
evt_c3fntaqmo3vc,usr_h1qtverkgc,2025-05-11T08:23:52.549,profile_view,,ses_hgau36usf39x,274920
evt_sjb9rt45ntuj,usr_h1qtverkgc,2025-05-11T20:40:03.313,checkout_start,,ses_hgau36usf39x,188841
evt_ux6b0wk2dj37,usr_h1qtverkgc,2025-05-12T22:21:56.813,profile_view,,ses_hgau36usf39x,215235
evt_jle6nhmkbrak,usr_h1qtverkgc,2025-05-19T22:12:49.438,settings_change,,ses_hgau36usf39x,45577
evt_7qt4cpjstyn3,usr_h1qtverkgc,2025-05-18T17:30:24.546,settings_change,,ses_xo4ban8emdkl,262014
evt_t4pfx5vlayjy,usr_h1qtverkgc,2025-05-15T07:18:02.237,video_play,,ses_xo4ban8emdkl,1005283
evt_bkies373solo,usr_h1qtverkgc,2025-05-12T15:29:15.790,checkout_start,,ses_xo4ban8emdkl,8850
evt_5876sae405bf,usr_h1qtverkgc,2025-05-12T07:59:42.448,checkout_complete,,ses_49xq32ahqnfm,136665
evt_vba5vyg5gtak,usr_h1qtverkgc,2025-05-17T20:11:37.887,checkout_complete,,ses_49xq32ahqnfm,233507
evt_3bwsqk5fe31s,usr_h1qtverkgc,2025-05-17T05:19:12.823,settings_change,,ses_49xq32ahqnfm,285614
evt_b000e9yhx0b2,usr_h1qtverkgc,2025-05-11T21:14:39.434,notification_click,,ses_49xq32ahqnfm,
evt_03skeofy23o6,usr_h1qtverkgc,2025-05-11T21:58:17.423,checkout_complete,,ses_49xq32ahqnfm,233560
evt_kh5cj0dtr0p6,usr_h1qtverkgc,2025-05-12T10:26:53.426,profile_view,,ses_dbf80fgu5b6j,58538
evt_zdxdo845gn0g,usr_h1qtverkgc,2025-05-15T17:06:41.165,app_open,,ses_35ffsusybiga,2561780
evt_cg57qgfbhsvx,usr_h1qtverkgc,2025-05-12T09:15:08.062,profile_view,,ses_35ffsusybiga,131912
evt_171qxydu503u,usr_h1qtverkgc,2025-05-17T20:32:57.778,content_share,,ses_35ffsusybiga,224413
evt_qf5w03c354qs,usr_h1qtverkgc,2025-05-16T15:23:05.723,settings_change,,ses_3z8eoqqo584c,178400
evt_7tk175f7q1cw,usr_xkg4jmw4pd,2024-08-21T05:09:49.071,profile_view,,ses_6kvz7kp69iz6,199683
evt_s28dxhwjjwdq,usr_xkg4jmw4pd,2025-01-08T14:21:41.412,settings_change,,ses_6kvz7kp69iz6,13763
evt_34cry5l3fwbk,usr_xkg4jmw4pd,2024-10-01T16:46:52.643,notification_click,,ses_6kvz7kp69iz6,
evt_2jnk8mq9lfgk,usr_xkg4jmw4pd,2024-10-20T04:59:09.223,checkout_start,,ses_6kvz7kp69iz6,172970
evt_dtg8t41kreat,usr_xkg4jmw4pd,2024-08-12T16:20:06.677,feature_click,homepage,ses_6kvz7kp69iz6,88324
evt_e6omqsezei6f,usr_xkg4jmw4pd,2025-04-01T14:32:37.176,search,,ses_6kvz7kp69iz6,94419
evt_h02zysf90hjb,usr_xkg4jmw4pd,2024-07-30T16:12:21.499,content_share,,ses_glrl1x6mv1q7,295468
evt_wdv4wp0klgee,usr_xkg4jmw4pd,2024-11-07T01:23:07.658,checkout_start,,ses_glrl1x6mv1q7,59987
evt_1pi04ho1fxs7,usr_9dvcen6eyf,2024-04-20T00:29:55.534,feature_click,search,ses_crumo8mjmjj4,245595
evt_9jhkyldv5cx4,usr_9dvcen6eyf,2025-04-07T10:49:12.506,settings_change,,ses_crumo8mjmjj4,287507
evt_ob2s777h6lh9,usr_9dvcen6eyf,2025-02-14T12:04:41.132,content_share,,ses_crumo8mjmjj4,228434
evt_zejlvu6kcdn7,usr_9dvcen6eyf,2024-03-15T00:24:11.125,checkout_start,,ses_crumo8mjmjj4,60468
evt_trl60qs5a15l,usr_9dvcen6eyf,2024-11-22T09:38:08.820,content_share,,ses_zxd13a17tm24,199428
evt_hrf6m7lailpe,usr_9dvcen6eyf,2024-03-07T02:29:25.285,feature_click,messages,ses_zxd13a17tm24,227825
evt_xg7ptmvne9rq,usr_9dvcen6eyf,2025-02-19T16:56:20.773,search,,ses_zxd13a17tm24,258508
evt_iq7r2gs2620d,usr_9dvcen6eyf,2024-04-09T08:43:03.993,video_play,,ses_zxd13a17tm24,2868306
evt_mmj3nvbvb5py,usr_9dvcen6eyf,2025-02-02T05:46:12.184,notification_click,,ses_rr99amw3dkka,
evt_n5p8r6h6k975,usr_9dvcen6eyf,2024-06-17T13:13:04.694,app_open,,ses_rr99amw3dkka,3073325
evt_qqg3b7dfughb,usr_9dvcen6eyf,2024-11-16T10:28:53.698,video_play,,ses_rr99amw3dkka,1950288
evt_u1nr00i272ic,usr_th13pvmjzh,2025-02-16T17:16:21.863,content_share,,ses_jpj96v4wgajs,285864
evt_8am5orcigu4d,usr_th13pvmjzh,2024-04-01T04:34:01.476,checkout_complete,,ses_jpj96v4wgajs,261217
evt_a0vz63eyb2fk,usr_th13pvmjzh,2025-03-02T13:54:51.885,notification_click,,ses_jpj96v4wgajs,
evt_7y1stf4jrk72,usr_th13pvmjzh,2024-03-19T05:31:05.716,app_open,,ses_jpj96v4wgajs,356383
evt_j6imgzktg1u3,usr_th13pvmjzh,2025-03-31T21:46:31.837,profile_view,,ses_jpj96v4wgajs,176199
evt_tqq6mlmknr2j,usr_th13pvmjzh,2024-05-30T11:34:50.432,profile_view,,ses_jpj96v4wgajs,280880
evt_32dzgese66gd,usr_th13pvmjzh,2025-03-27T08:13:35.200,search,,ses_pozl3by5twld,283539
evt_a4xfvmzvfhb9,usr_th13pvmjzh,2024-12-30T20:27:41.552,feature_click,video_player,ses_ldpy9i3t3idq,276392
evt_od8ftmmaga8i,usr_th13pvmjzh,2024-05-04T05:48:52.811,checkout_start,,ses_ldpy9i3t3idq,140812
evt_vi9j8pck96ie,usr_th13pvmjzh,2025-01-28T14:36:44.416,search,,ses_1lr3m70h70ke,209883
evt_peqxvt8ely51,usr_th13pvmjzh,2024-11-04T04:04:00.479,search,,ses_1lr3m70h70ke,1828
evt_z84aoj7oe9rm,usr_th13pvmjzh,2024-06-03T09:37:25.933,profile_view,,ses_1lr3m70h70ke,24012
evt_vv7a43r81l52,usr_th13pvmjzh,2024-07-12T11:57:04.098,content_share,,ses_1xj5p4h62bek,5612
evt_9raery5me0o6,usr_th13pvmjzh,2025-02-14T21:56:34.142,search,,ses_1xj5p4h62bek,295417
evt_c71irxawosl0,usr_6ttszgenai,2025-04-05T07:31:08.672,settings_change,,ses_6kqamwy4qsi6,158371
evt_hxbe7vnmkqgl,usr_6ttszgenai,2024-06-04T02:00:10.471,checkout_start,,ses_6kqamwy4qsi6,270167
evt_2tisp3gmh6lj,usr_6ttszgenai,2024-04-18T17:46:52.784,app_open,,ses_6kqamwy4qsi6,3415440
evt_x8nafa2ri7kx,usr_6ttszgenai,2024-09-04T11:37:43.091,content_share,,ses_6kqamwy4qsi6,256687
evt_7d2065cfjmci,usr_6ttszgenai,2024-11-10T11:08:00.466,settings_change,,ses_6kqamwy4qsi6,245875
evt_c97mxgzqiswf,usr_pi0av6klp6,2025-05-07T23:41:11.498,app_open,,ses_v9oijenhoftc,2159092
evt_y9lbq6qral3s,usr_pi0av6klp6,2024-12-08T19:11:16.120,feature_click,video_player,ses_v9oijenhoftc,164947
evt_8w1fwtnlvx1s,usr_pi0av6klp6,2025-01-11T09:17:03.412,settings_change,,ses_v9oijenhoftc,207987
evt_0jpy69bvl30r,usr_pi0av6klp6,2024-09-01T05:43:17.693,search,,ses_v9oijenhoftc,279196
evt_91e5knyg54hw,usr_pi0av6klp6,2024-10-13T16:03:53.329,profile_view,,ses_v9oijenhoftc,258465
evt_83e8mp8oyl65,usr_pi0av6klp6,2024-11-09T09:42:47.892,app_open,,ses_v9oijenhoftc,330416
evt_zg7cc4k5sffj,usr_pi0av6klp6,2024-09-10T21:24:13.542,search,,ses_v9oijenhoftc,274575
evt_94e5wh4rtlp6,usr_pi0av6klp6,2024-10-12T01:58:10.734,profile_view,,ses_gkkjtzu1861h,210198
evt_tlrepio3anqa,usr_pi0av6klp6,2025-05-17T07:39:57.002,content_share,,ses_x66wx63dzhyw,53451
evt_95tonqbhg8n9,usr_pi0av6klp6,2025-03-06T14:43:53.188,checkout_start,,ses_x66wx63dzhyw,232819
evt_19921fs3fw2h,usr_pi0av6klp6,2024-09-20T01:53:16.983,app_open,,ses_x66wx63dzhyw,1263042
evt_3g7rqf87vi9m,usr_pi0av6klp6,2024-09-29T09:28:23.845,notification_click,,ses_x66wx63dzhyw,
evt_jnk14atagsyn,usr_kajgplv1a2,2025-04-21T22:44:35.107,app_open,,ses_xivd18q4v82l,405010
evt_hunmh5qvwg85,usr_kajgplv1a2,2025-03-29T19:11:21.210,app_open,,ses_xivd18q4v82l,974485
evt_6r2jev0fewl8,usr_kajgplv1a2,2025-03-19T17:15:15.480,notification_click,,ses_xivd18q4v82l,
evt_bd758de0w3ha,usr_kajgplv1a2,2025-05-06T18:15:52.609,feature_click,notifications,ses_xivd18q4v82l,216069
evt_481835rc0hiv,usr_kajgplv1a2,2025-04-04T22:18:50.843,settings_change,,ses_xivd18q4v82l,172926
evt_5vuk8atl6izm,usr_kajgplv1a2,2025-04-15T09:51:13.156,checkout_start,,ses_69ro3fvli9wk,189606
evt_8zz1brisedqh,usr_kajgplv1a2,2025-04-27T20:29:40.838,settings_change,,ses_69ro3fvli9wk,142096
evt_xjc31a36szoq,usr_kajgplv1a2,2025-03-23T04:50:58.277,checkout_start,,ses_69ro3fvli9wk,24328
evt_qsiluq857vxq,usr_kajgplv1a2,2025-05-01T02:08:52.414,profile_view,,ses_69ro3fvli9wk,215029
evt_90ne46asxez6,usr_kajgplv1a2,2025-04-06T07:45:20.714,search,,ses_69ro3fvli9wk,38068
evt_k2c3k5q51vne,usr_kajgplv1a2,2025-03-15T16:58:05.257,content_share,,ses_69ro3fvli9wk,101056
evt_fnnfn279v5f4,usr_kajgplv1a2,2025-04-17T19:54:23.299,profile_view,,ses_69ro3fvli9wk,180230
evt_oh1mpjf3nkb2,usr_kajgplv1a2,2025-05-08T23:48:53.597,app_open,,ses_69ro3fvli9wk,1374251
evt_mlmks0ayfjld,usr_kajgplv1a2,2025-03-22T05:46:43.683,profile_view,,ses_69ro3fvli9wk,290653
evt_b7yaw2ur154l,usr_kajgplv1a2,2025-04-02T18:43:36.711,notification_click,,ses_69ro3fvli9wk,
evt_eqit68bfzup8,usr_kajgplv1a2,2025-04-12T10:58:57.146,checkout_start,,ses_69ro3fvli9wk,178069
evt_a3bmjfbhc6ru,usr_kajgplv1a2,2025-05-05T08:54:25.267,feature_click,notifications,ses_69ro3fvli9wk,256189
evt_ycbl9k6bifrj,usr_kajgplv1a2,2025-04-30T13:09:10.693,profile_view,,ses_69ro3fvli9wk,15943
evt_th7m29zcyexf,usr_kajgplv1a2,2025-03-22T19:48:36.020,app_open,,ses_69ro3fvli9wk,822237
evt_dn0vwkk0nukz,usr_kajgplv1a2,2025-05-04T14:10:55.850,video_play,,ses_69ro3fvli9wk,3213565
evt_93djcx9f15qv,usr_kajgplv1a2,2025-03-28T13:02:18.595,checkout_complete,,ses_69ro3fvli9wk,224034
evt_q8zy9s4z945v,usr_kajgplv1a2,2025-03-13T18:25:55.547,search,,ses_69ro3fvli9wk,258268
evt_52f7ewnz9mii,usr_kajgplv1a2,2025-05-04T23:49:19.667,search,,ses_69ro3fvli9wk,220716
evt_n6z6gxcspf43,usr_kajgplv1a2,2025-05-14T05:12:15.522,search,,ses_69ro3fvli9wk,37117
evt_vshv6dlah78d,usr_kajgplv1a2,2025-03-16T03:54:32.865,settings_change,,ses_jhu2x5ps43k4,177411
evt_bib07x5cr3mi,usr_kajgplv1a2,2025-05-15T16:04:24.021,content_share,,ses_jhu2x5ps43k4,89209
evt_0w2vlx4sv7na,usr_kajgplv1a2,2025-05-20T12:02:53.396,profile_view,,ses_jhu2x5ps43k4,115900
evt_8v8adtw8eeti,usr_kajgplv1a2,2025-03-27T10:39:23.431,checkout_complete,,ses_jhu2x5ps43k4,150238
evt_80pzvvzpyfea,usr_kajgplv1a2,2025-04-30T21:44:28.317,checkout_complete,,ses_xyw58l53jbsc,266587
evt_8jisutxa90bg,usr_kajgplv1a2,2025-05-05T09:46:06.152,checkout_start,,ses_xyw58l53jbsc,259912
evt_e61o2pnw5hlf,usr_kajgplv1a2,2025-03-15T02:16:46.992,search,,ses_xyw58l53jbsc,196285
evt_22pz183c400g,usr_kajgplv1a2,2025-04-15T16:27:49.666,video_play,,ses_xyw58l53jbsc,1622113
evt_9nn5n8r076ya,usr_kajgplv1a2,2025-05-04T04:34:52.796,content_share,,ses_xyw58l53jbsc,53804
evt_dbvq5grbn8bb,usr_kajgplv1a2,2025-03-19T17:33:40.782,search,,ses_xyw58l53jbsc,143539
evt_11gbtv7e584m,usr_kajgplv1a2,2025-04-17T11:00:09.307,profile_view,,ses_xyw58l53jbsc,139832
evt_rg5z431qqiz3,usr_v71dugmvo5,2025-04-20T09:25:58.834,content_share,,ses_etlfczbu2dxr,183080
evt_cbaz7hxic7ku,usr_v71dugmvo5,2025-04-14T23:10:34.154,feature_click,checkout,ses_etlfczbu2dxr,146783
evt_ycdrxepl1tus,usr_v71dugmvo5,2025-04-18T09:17:05.499,profile_view,,ses_etlfczbu2dxr,127748
evt_e7hzkluirplm,usr_v71dugmvo5,2025-05-09T08:55:49.618,search,,ses_etlfczbu2dxr,120826
evt_a23wmarg5dag,usr_v71dugmvo5,2025-03-23T20:40:50.604,notification_click,,ses_lrtn29e8ob46,
evt_9xbx2q2pjf41,usr_v71dugmvo5,2025-05-12T05:29:08.507,content_share,,ses_lrtn29e8ob46,207579
evt_23qeo4c36wvw,usr_v71dugmvo5,2025-03-31T07:46:26.613,app_open,,ses_lrtn29e8ob46,2973681
evt_vvylkz59dsfh,usr_v71dugmvo5,2025-04-17T05:55:04.628,checkout_start,,ses_lrtn29e8ob46,115113
evt_ugawuxq9gmj2,usr_v71dugmvo5,2025-04-29T11:04:07.489,settings_change,,ses_o1c4tceeadie,142717
evt_4vk8gdmwuzb5,usr_v71dugmvo5,2025-04-21T08:06:36.462,video_play,,ses_o1c4tceeadie,431115
evt_6al7q4l37igb,usr_v71dugmvo5,2025-04-25T10:11:00.791,search,,ses_o1c4tceeadie,209447
evt_f65qvruet3tj,usr_v71dugmvo5,2025-04-27T12:24:43.167,notification_click,,ses_o1c4tceeadie,
evt_2o3th0xgpwcq,usr_v71dugmvo5,2025-04-21T15:54:01.738,profile_view,,ses_o1c4tceeadie,95163
evt_hnhnmmaizu6a,usr_v71dugmvo5,2025-05-17T00:42:37.062,content_share,,ses_o1c4tceeadie,41257
evt_hivg66otrkt4,usr_v71dugmvo5,2025-04-30T06:51:33.875,profile_view,,ses_o1c4tceeadie,9159
evt_do2d8ghwgcu0,usr_v71dugmvo5,2025-03-29T09:24:13.079,checkout_start,,ses_o1c4tceeadie,114313
evt_x5elkqh3i7ax,usr_v71dugmvo5,2025-04-15T21:08:04.219,checkout_start,,ses_o1c4tceeadie,198287
evt_3fezguny9y13,usr_v71dugmvo5,2025-05-08T22:21:05.434,app_open,,ses_o1c4tceeadie,984194
evt_mk2cagx1p4t2,usr_v71dugmvo5,2025-04-07T12:14:55.436,notification_click,,ses_o1c4tceeadie,
evt_f7ydevnwx7no,usr_v71dugmvo5,2025-05-12T08:53:42.757,feature_click,video_player,ses_o1c4tceeadie,217744
evt_h1pnj6060fia,usr_v71dugmvo5,2025-04-19T02:57:37.357,checkout_start,,ses_o1c4tceeadie,118466
evt_587g0utco65n,usr_v71dugmvo5,2025-04-21T05:24:31.628,video_play,,ses_o1c4tceeadie,3015770
evt_99zjw5okjk95,usr_v71dugmvo5,2025-04-14T15:23:27.786,notification_click,,ses_o1c4tceeadie,
evt_9ofz88w3itb7,usr_v71dugmvo5,2025-04-06T12:07:33.726,profile_view,,ses_o1c4tceeadie,230504
evt_wfgg1xy20pig,usr_v71dugmvo5,2025-05-08T18:09:58.800,profile_view,,ses_6c4hoktwro8q,154546
evt_xngq4ury8l65,usr_v71dugmvo5,2025-04-09T04:44:44.889,settings_change,,ses_6c4hoktwro8q,237734
evt_81mpc4kg3vua,usr_v71dugmvo5,2025-04-06T11:45:52.830,content_share,,ses_6c4hoktwro8q,261080
evt_d2vbsh1nsb5v,usr_v71dugmvo5,2025-05-06T07:12:33.548,search,,ses_lafdx9bd7brb,208541
evt_zbd6wtvbhwzm,usr_v71dugmvo5,2025-04-11T07:25:33.369,search,,ses_lafdx9bd7brb,247941
evt_vl3nzogr5lzj,usr_v71dugmvo5,2025-05-06T20:27:28.101,notification_click,,ses_lafdx9bd7brb,
evt_zaei1uh0gpxp,usr_v71dugmvo5,2025-04-08T16:32:53.676,search,,ses_lafdx9bd7brb,22344
evt_2b8eywziuh9s,usr_v71dugmvo5,2025-04-06T13:03:04.303,search,,ses_lafdx9bd7brb,85454
evt_j1k4fut1uypo,usr_v71dugmvo5,2025-04-19T15:36:41.975,feature_click,homepage,ses_lafdx9bd7brb,40666
evt_g6lkcvuty0q5,usr_v71dugmvo5,2025-05-17T14:14:09.763,checkout_complete,,ses_lafdx9bd7brb,242112
evt_3vydjk5otang,usr_i5c7tyeslo,2023-04-22T20:17:45.625,feature_click,checkout,ses_jnn285yxpr58,13549
evt_59x7c9mfq7eq,usr_i5c7tyeslo,2025-03-14T13:57:39.260,profile_view,,ses_jnn285yxpr58,87733
evt_gvyuny2639pi,usr_i5c7tyeslo,2024-03-22T00:33:05.149,video_play,,ses_jnn285yxpr58,1441189
evt_rp68re66ujmq,usr_i5c7tyeslo,2023-05-21T09:10:12.888,feature_click,messages,ses_jnn285yxpr58,183431
evt_4hqbm5qhvdt4,usr_i5c7tyeslo,2024-07-08T00:23:49.933,checkout_complete,,ses_13tbhgkadps0,253227
evt_ovqcvfr3wmpa,usr_i5c7tyeslo,2024-09-22T06:57:23.526,search,,ses_13tbhgkadps0,274813
evt_buzrvy2lxbw6,usr_i5c7tyeslo,2024-11-25T17:17:18.596,content_share,,ses_13tbhgkadps0,23691
evt_hhetw87s46io,usr_i5c7tyeslo,2023-08-07T18:25:17.981,search,,ses_13tbhgkadps0,279449
evt_k41guinga72p,usr_i5c7tyeslo,2024-12-15T22:24:57.222,video_play,,ses_13tbhgkadps0,715233
evt_5vbjdbd93g7l,usr_i5c7tyeslo,2023-09-30T23:09:20.838,video_play,,ses_13tbhgkadps0,529438
evt_t0uzsy4ml3no,usr_i5c7tyeslo,2025-03-20T05:23:10.577,profile_view,,ses_13tbhgkadps0,24336
evt_74oh86fjhgaz,usr_i5c7tyeslo,2025-01-20T10:41:28.401,profile_view,,ses_13tbhgkadps0,42638
evt_zwbanvgr4nve,usr_i5c7tyeslo,2023-08-15T21:48:13.321,checkout_start,,ses_deqtq5loq3el,174877
evt_a2awe9dnkbrg,usr_i5c7tyeslo,2024-11-14T18:48:55.052,settings_change,,ses_deqtq5loq3el,32382
evt_b75389nx4z2z,usr_i5c7tyeslo,2023-11-27T20:29:00.531,content_share,,ses_deqtq5loq3el,27148
evt_sliy9uhmc22h,usr_i5c7tyeslo,2024-12-23T23:13:46.249,notification_click,,ses_deqtq5loq3el,
evt_qcypp7xjy1xr,usr_i5c7tyeslo,2024-03-05T14:55:41.148,app_open,,ses_ehnkftww9qj8,3077826
evt_11soptbu6ejh,usr_i5c7tyeslo,2024-04-05T13:51:43.054,profile_view,,ses_ehnkftww9qj8,186601
evt_oikp8ppzzot7,usr_i5c7tyeslo,2024-12-15T17:52:52.042,video_play,,ses_zvgl2we5c5ql,1556355
evt_x280kdunfjnz,usr_i5c7tyeslo,2024-03-08T11:20:20.839,checkout_start,,ses_zvgl2we5c5ql,45157
evt_hrog9o2h6uu4,usr_i5c7tyeslo,2024-07-02T19:16:53.954,app_open,,ses_zvgl2we5c5ql,520145
evt_no4lyt47qhws,usr_i5c7tyeslo,2024-02-06T15:40:21.300,content_share,,ses_zvgl2we5c5ql,83490
evt_0j7exgur7f58,usr_i5c7tyeslo,2025-01-01T13:52:03.384,checkout_complete,,ses_zvgl2we5c5ql,45881
evt_5ylzzcnpgsic,usr_i5c7tyeslo,2024-10-12T06:12:21.317,feature_click,homepage,ses_zvgl2we5c5ql,229150
evt_y8l61y11kdy4,usr_i5c7tyeslo,2024-07-31T01:54:40.445,checkout_start,,ses_zvgl2we5c5ql,166496
evt_u8405l43ye77,usr_gmtj7dujk1,2024-08-30T21:28:48.118,feature_click,profile,ses_uxty066pfl32,34352
evt_efimgzy6zb9h,usr_gmtj7dujk1,2024-09-14T14:42:35.668,notification_click,,ses_uxty066pfl32,
evt_102mpmcjqphq,usr_gmtj7dujk1,2024-11-26T17:42:29.264,search,,ses_uxty066pfl32,125596
evt_85z76edxly9l,usr_gmtj7dujk1,2024-08-25T16:32:20.490,search,,ses_j2jr45phs7nu,160256
evt_vc8ov21sa49e,usr_gmtj7dujk1,2024-07-19T22:49:22.274,feature_click,notifications,ses_sztxdlqb4wgp,19361
evt_qcotfq4c28ap,usr_gmtj7dujk1,2024-07-19T18:58:42.103,profile_view,,ses_sztxdlqb4wgp,28076
evt_dn01tutpm836,usr_gmtj7dujk1,2024-10-20T06:12:04.254,feature_click,help_center,ses_sztxdlqb4wgp,16721
evt_rd8l51iygg0p,usr_gmtj7dujk1,2024-11-30T02:06:30.515,profile_view,,ses_dngu2h6x0kks,162726
evt_6glus2r26xd0,usr_gmtj7dujk1,2025-04-09T21:53:30.464,profile_view,,ses_2nzg91orcai8,134735
evt_3hjnxyqnv9ik,usr_gmtj7dujk1,2024-07-19T06:57:42.407,checkout_start,,ses_2nzg91orcai8,52858
evt_bxhz7kq7t0ns,usr_gmtj7dujk1,2024-07-11T12:51:28.907,app_open,,ses_2nzg91orcai8,190467
evt_1t4euvsp41bx,usr_gmtj7dujk1,2025-03-23T19:11:56.380,notification_click,,ses_2nzg91orcai8,
evt_bu5z9cxtyktu,usr_gmtj7dujk1,2024-07-28T20:57:57.284,search,,ses_2nzg91orcai8,93095
evt_xwz6hsosxkzt,usr_gmtj7dujk1,2025-04-13T19:42:25.584,notification_click,,ses_2nzg91orcai8,
evt_bor2ju2sapf1,usr_gmtj7dujk1,2024-11-05T22:57:19.581,settings_change,,ses_2nzg91orcai8,82070
evt_9kh6ateu7px8,usr_gmtj7dujk1,2024-10-15T22:06:07.838,profile_view,,ses_2nzg91orcai8,230084
evt_uxbitxcwon9g,usr_gmtj7dujk1,2024-11-26T15:18:34.271,profile_view,,ses_2nzg91orcai8,8078
evt_b2rqdzac6ter,usr_vgcrsyqss3,2024-10-10T19:04:25.093,profile_view,,ses_spq25hbiqrbm,224763
evt_cdpkg15rp30k,usr_vgcrsyqss3,2024-09-30T14:00:41.142,content_share,,ses_spq25hbiqrbm,277883
evt_ydyu2i8q8qv3,usr_vgcrsyqss3,2024-07-29T02:46:40.206,settings_change,,ses_spq25hbiqrbm,49632
evt_ip9uiukdx9vy,usr_vgcrsyqss3,2024-10-16T10:32:59.434,checkout_complete,,ses_spq25hbiqrbm,268541
evt_rbuov6kt3nlt,usr_vgcrsyqss3,2025-02-08T05:59:26.015,notification_click,,ses_spq25hbiqrbm,
evt_h6lfscv1djqx,usr_vgcrsyqss3,2024-10-09T18:33:00.351,profile_view,,ses_spq25hbiqrbm,73687
evt_oiay397hh154,usr_vgcrsyqss3,2025-03-16T21:32:21.520,search,,ses_spq25hbiqrbm,246738
evt_ispyl0595brv,usr_1jpegqzi9r,2025-04-19T05:12:38.574,settings_change,,ses_2owm926mmgxa,108646
evt_2ilfa52rcksf,usr_1jpegqzi9r,2025-04-28T14:28:56.065,search,,ses_2owm926mmgxa,33664
evt_tm8jqhmk69eg,usr_1jpegqzi9r,2024-05-25T08:03:54.155,notification_click,,ses_2owm926mmgxa,
evt_lzf2z2fknyt4,usr_1jpegqzi9r,2025-05-12T19:52:32.063,content_share,,ses_2owm926mmgxa,133214
evt_nne4p367frva,usr_1jpegqzi9r,2024-04-19T22:12:09.432,checkout_start,,ses_exzbu8yvxduj,240944
evt_4tqd87y2hs9m,usr_1jpegqzi9r,2024-11-17T11:48:04.370,checkout_complete,,ses_0xddgki05qvy,272128
evt_5jipv0t05ouo,usr_1jpegqzi9r,2024-05-29T17:48:41.623,content_share,,ses_0xddgki05qvy,15509
evt_31r6v72ko80w,usr_1jpegqzi9r,2024-07-10T01:29:12.950,video_play,,ses_0xddgki05qvy,853443
evt_d0qrkc8rlv3q,usr_1jpegqzi9r,2024-07-14T12:34:44.039,checkout_start,,ses_x17y37nuyrot,63556
evt_i296yylc2yik,usr_1jpegqzi9r,2024-04-07T09:20:23.555,checkout_complete,,ses_x17y37nuyrot,220597
evt_6cg1v6e5c9v7,usr_1jpegqzi9r,2024-07-14T09:03:11.714,content_share,,ses_x17y37nuyrot,291865
evt_wuhd85y03sv4,usr_1jpegqzi9r,2024-05-09T12:59:36.521,video_play,,ses_x17y37nuyrot,2261834
evt_i9spdtige8w1,usr_1jpegqzi9r,2024-02-17T20:01:39.473,checkout_start,,ses_80ugsrzo55qw,128376
evt_41t1kdza0yhm,usr_1jpegqzi9r,2025-03-01T19:46:27.071,profile_view,,ses_80ugsrzo55qw,202235
evt_088j2kzaucb3,usr_1jpegqzi9r,2025-01-13T13:14:38.489,checkout_complete,,ses_80ugsrzo55qw,287829
evt_8l6qql7fjr1v,usr_1jpegqzi9r,2024-05-15T05:23:44.545,video_play,,ses_mzvab8jmoc9s,3063424
evt_9owmbxqbvny4,usr_1jpegqzi9r,2024-03-14T23:14:08.615,profile_view,,ses_mzvab8jmoc9s,7506
evt_sioipp0kof1s,usr_1jpegqzi9r,2024-10-29T13:46:53.499,profile_view,,ses_mzvab8jmoc9s,212813
evt_mt9qx12y3kvg,usr_1jpegqzi9r,2025-03-07T18:52:25.808,video_play,,ses_mzvab8jmoc9s,484643
evt_n4z6w5cjuhcl,usr_1jpegqzi9r,2024-02-25T05:17:21.728,profile_view,,ses_mzvab8jmoc9s,189237
evt_4jcelvrbe9ho,usr_1jpegqzi9r,2024-08-28T05:45:51.884,app_open,,ses_mzvab8jmoc9s,3367179
evt_u5zh4upvv1j0,usr_1jpegqzi9r,2024-10-05T19:49:09.971,feature_click,help_center,ses_34io70si4ir3,155311
evt_jc9cet20ul47,usr_1jpegqzi9r,2024-05-12T13:44:52.947,video_play,,ses_34io70si4ir3,2338461
evt_w37l66w0sp7x,usr_1jpegqzi9r,2025-03-06T13:10:43.022,notification_click,,ses_34io70si4ir3,
evt_ksy0z4pk7ecw,usr_1jpegqzi9r,2024-10-19T04:28:05.575,video_play,,ses_fqelsx06lwgf,1368847
evt_wxabmnegjq27,usr_1jpegqzi9r,2024-10-25T21:42:51.465,checkout_start,,ses_pgbfg21ne3lm,72983
evt_mtkkz5jj1wje,usr_1jpegqzi9r,2024-08-10T16:47:25.473,notification_click,,ses_pgbfg21ne3lm,
evt_kr12n56rwqba,usr_1jpegqzi9r,2024-09-18T13:21:40.792,profile_view,,ses_pgbfg21ne3lm,69616
evt_91lrkt0ju34z,usr_1jpegqzi9r,2024-11-30T13:36:20.774,search,,ses_csifoyjkgept,268214
evt_zrgo00trhtdg,usr_1jpegqzi9r,2024-02-23T15:21:45.010,feature_click,settings,ses_csifoyjkgept,29997
evt_ro7f8do20qor,usr_1jpegqzi9r,2024-08-29T08:14:41.802,feature_click,help_center,ses_uajxrappm6zn,43666
evt_lwpoxtbw9ckr,usr_1jpegqzi9r,2024-01-17T00:53:22.665,app_open,,ses_uajxrappm6zn,287123
evt_ycri3xqtp3w1,usr_3xxi5wlbej,2025-01-05T21:32:22.716,app_open,,ses_5d3sem1pr1ax,1220112
evt_ce7fcwlgdz0u,usr_3xxi5wlbej,2023-08-14T16:04:40.361,search,,ses_5d3sem1pr1ax,45080
evt_qpi0gs23f0sp,usr_3xxi5wlbej,2024-04-26T11:58:46.618,app_open,,ses_5d3sem1pr1ax,1316708
evt_l58sj0oh925n,usr_3xxi5wlbej,2025-01-21T12:20:20.734,feature_click,messages,ses_5d3sem1pr1ax,37536
evt_qxlikrcgpzld,usr_3xxi5wlbej,2024-06-08T01:19:08.601,checkout_complete,,ses_5d3sem1pr1ax,1907
evt_xvophr3t6jz7,usr_3xxi5wlbej,2025-03-26T20:17:53.074,settings_change,,ses_5d3sem1pr1ax,58405
evt_60hyk9rot0w2,usr_3xxi5wlbej,2024-11-30T18:45:55.619,content_share,,ses_5d3sem1pr1ax,102698
evt_ck6kxrltf0po,usr_3xxi5wlbej,2023-11-28T21:09:21.311,video_play,,ses_5d3sem1pr1ax,944431
evt_3cp8wjjrz7sn,usr_3xxi5wlbej,2024-05-08T23:29:34.725,checkout_start,,ses_g0xud9ih2kgc,282597
evt_f2l8lk2qa0up,usr_3xxi5wlbej,2025-03-03T12:59:15.122,profile_view,,ses_wybq0n8r8oyu,53337
evt_zki66vznoy8w,usr_3xxi5wlbej,2023-08-12T09:08:29.897,checkout_complete,,ses_wybq0n8r8oyu,173162
evt_grxq5gpponoo,usr_3xxi5wlbej,2024-08-12T11:54:34.921,video_play,,ses_wybq0n8r8oyu,3224813
evt_12gzruf5fyki,usr_3xxi5wlbej,2023-05-06T02:48:10.393,content_share,,ses_wybq0n8r8oyu,85720
evt_0axgv5cbykwo,usr_3xxi5wlbej,2023-11-01T11:47:05.253,content_share,,ses_wybq0n8r8oyu,275930
evt_aqyia4vmiqhq,usr_3xxi5wlbej,2024-06-28T04:19:31.815,checkout_complete,,ses_wybq0n8r8oyu,55587
evt_8non9cp3e1yr,usr_3xxi5wlbej,2024-11-18T12:26:38.246,feature_click,notifications,ses_wybq0n8r8oyu,14635
evt_w7t8zn1agaod,usr_3xxi5wlbej,2023-07-13T02:50:36.537,notification_click,,ses_wybq0n8r8oyu,
evt_t3i986wefh0z,usr_3xxi5wlbej,2024-12-17T02:40:01.333,content_share,,ses_wybq0n8r8oyu,198553
evt_ksw5vrhhqin0,usr_3xxi5wlbej,2025-02-15T01:04:51.582,content_share,,ses_wybq0n8r8oyu,133547
evt_wj6akmujptc7,usr_3xxi5wlbej,2025-04-28T18:54:18.123,profile_view,,ses_wybq0n8r8oyu,57884
evt_8oou7hg8s7qy,usr_3xxi5wlbej,2025-04-08T15:15:30.762,profile_view,,ses_wybq0n8r8oyu,60554
evt_riqnbdjs1xno,usr_3xxi5wlbej,2024-11-28T02:12:41.493,notification_click,,ses_wybq0n8r8oyu,
evt_ko7yxi2lxcwx,usr_3xxi5wlbej,2025-04-10T12:49:49.461,profile_view,,ses_wybq0n8r8oyu,12800
evt_8qhnawxmna88,usr_zrnr34rg4v,2024-02-07T00:48:42.051,content_share,,ses_evqp60kivjch,228907
evt_wr3rultgrj80,usr_zrnr34rg4v,2023-10-06T05:05:05.401,content_share,,ses_evqp60kivjch,104819
evt_5q9ij62jkyjf,usr_zrnr34rg4v,2024-08-17T11:18:28.245,feature_click,video_player,ses_evqp60kivjch,174260
evt_etqvx8o8t38f,usr_zrnr34rg4v,2023-08-06T13:08:40.400,video_play,,ses_evqp60kivjch,883728
evt_eiw8qh89zz2b,usr_zrnr34rg4v,2023-05-29T02:22:50.489,content_share,,ses_evqp60kivjch,97416
evt_bt8b7xw5io9m,usr_zrnr34rg4v,2024-01-25T13:58:48.104,video_play,,ses_evqp60kivjch,1018836
evt_5m9pohjwhlfn,usr_zrnr34rg4v,2023-12-28T04:59:04.702,notification_click,,ses_dar82ufeollm,
evt_3vshyh8wbc9h,usr_zrnr34rg4v,2025-05-02T00:53:02.426,search,,ses_dar82ufeollm,92921
evt_537zyinx8igm,usr_zrnr34rg4v,2023-05-16T17:03:52.835,content_share,,ses_dar82ufeollm,109667
evt_gp41wrkh7l83,usr_zrnr34rg4v,2025-03-20T05:47:59.306,feature_click,settings,ses_b378h4v0wvfx,282174
evt_iewl0ltsr9sk,usr_zrnr34rg4v,2025-04-26T04:30:19.392,notification_click,,ses_b378h4v0wvfx,
evt_smuko0dnkin0,usr_zrnr34rg4v,2023-12-13T21:00:11.623,profile_view,,ses_b378h4v0wvfx,245114
evt_cmeteqvmp29v,usr_zrnr34rg4v,2025-04-17T07:41:40.196,search,,ses_b378h4v0wvfx,230749
evt_ozh8kqareznc,usr_zrnr34rg4v,2025-01-21T06:08:23.191,video_play,,ses_b378h4v0wvfx,2021390
evt_kqlpraabb9gm,usr_zrnr34rg4v,2024-08-12T12:28:33.430,profile_view,,ses_b378h4v0wvfx,210230
evt_qeeqdo3i8nda,usr_zrnr34rg4v,2024-08-22T01:04:59.334,feature_click,video_player,ses_b378h4v0wvfx,259593
evt_ih5iegrpdaci,usr_zrnr34rg4v,2023-08-25T18:59:23.226,search,,ses_l6mpitj22x1e,54742
evt_xhtaswlpq5ud,usr_zrnr34rg4v,2024-12-25T14:07:55.240,checkout_start,,ses_l6mpitj22x1e,267409
evt_2vxi7mkz12jp,usr_zrnr34rg4v,2024-04-30T03:38:00.767,content_share,,ses_l6mpitj22x1e,258323
evt_6xxelyscabwo,usr_zrnr34rg4v,2023-05-29T17:13:53.237,settings_change,,ses_l6mpitj22x1e,283136
evt_uf8hk2e9t7aq,usr_zrnr34rg4v,2025-02-14T00:08:24.570,search,,ses_l6mpitj22x1e,218217
evt_axh356zcnhzr,usr_zrnr34rg4v,2024-03-03T13:59:22.377,app_open,,ses_5o034b52f245,2065512
evt_f2v9ttyn5d4l,usr_zrnr34rg4v,2025-04-28T07:34:10.782,search,,ses_5o034b52f245,46351
evt_k3vnvyarm7wn,usr_zrnr34rg4v,2024-01-23T06:55:44.258,checkout_complete,,ses_5o034b52f245,136003
evt_r3rya88j2bf0,usr_zrnr34rg4v,2024-01-30T11:16:51.500,video_play,,ses_uiuixebdod96,1347196
evt_iyi8qzyrnsj4,usr_zrnr34rg4v,2023-06-14T10:20:14.717,search,,ses_uiuixebdod96,286200
evt_jwrxc19vww0n,usr_zrnr34rg4v,2024-03-08T22:34:26.584,checkout_complete,,ses_uiuixebdod96,173476
evt_ftm3m0qaq60k,usr_zrnr34rg4v,2024-01-16T05:10:56.541,content_share,,ses_uiuixebdod96,271525
evt_8j2y5s5bane7,usr_zrnr34rg4v,2025-05-14T13:44:33.441,checkout_start,,ses_ktz20ta30l11,77504
evt_ikcokszvspey,usr_zrnr34rg4v,2024-02-15T07:52:58.002,checkout_complete,,ses_ktz20ta30l11,160356
evt_rfmblwy8ng39,usr_zrnr34rg4v,2024-08-09T03:26:49.852,checkout_complete,,ses_ra3f9e06i7ql,104613
evt_ojcgk9uqj6wv,usr_zrnr34rg4v,2025-04-28T03:18:17.009,feature_click,messages,ses_ra3f9e06i7ql,184302
evt_njltbbbv25l7,usr_jw57gby8gp,2024-07-07T22:47:40.891,feature_click,notifications,ses_myd097jo97oh,195209
evt_45lepgu3xeix,usr_jw57gby8gp,2025-02-22T14:44:03.063,checkout_start,,ses_myd097jo97oh,48644
evt_jq177q3e499p,usr_jw57gby8gp,2025-02-17T17:21:59.615,video_play,,ses_myd097jo97oh,3130797
evt_ffo2f13k4kjr,usr_jw57gby8gp,2025-03-09T03:26:46.720,app_open,,ses_7qtx710g0sgu,2572857
evt_w277x8595n0p,usr_jw57gby8gp,2024-05-22T19:15:19.357,video_play,,ses_7qtx710g0sgu,1054112
evt_j22qdp2a8nur,usr_jw57gby8gp,2024-05-19T22:31:56.014,app_open,,ses_7qtx710g0sgu,2537778
evt_yy4wu9zpk47r,usr_jw57gby8gp,2024-04-07T03:53:49.373,search,,ses_7qtx710g0sgu,276055
evt_rsmj13jgur98,usr_jw57gby8gp,2024-01-16T20:08:01.012,notification_click,,ses_7qtx710g0sgu,
evt_46rzod3arbsb,usr_trj5tzqekn,2024-07-08T11:21:06.611,checkout_start,,ses_2aprl7a1bown,69989
evt_nv1hygo8ljva,usr_trj5tzqekn,2024-05-23T15:06:15.723,search,,ses_2aprl7a1bown,122536
evt_6ack33n78ovx,usr_trj5tzqekn,2024-11-06T15:36:36.700,feature_click,homepage,ses_2aprl7a1bown,155639
evt_csfsrze6xp3v,usr_trj5tzqekn,2024-10-13T04:18:10.946,notification_click,,ses_2aprl7a1bown,
evt_zh55aspb8yjq,usr_trj5tzqekn,2024-01-12T08:38:05.427,search,,ses_2aprl7a1bown,227241
evt_amt341tzi1v7,usr_trj5tzqekn,2023-10-26T04:24:36.607,settings_change,,ses_2aprl7a1bown,41064
evt_qbpgre5fsezg,usr_trj5tzqekn,2024-12-23T15:22:22.340,app_open,,ses_2aprl7a1bown,1235638
evt_l9nirzovgx2o,usr_trj5tzqekn,2024-12-01T22:56:15.801,search,,ses_2aprl7a1bown,139879
evt_bdwdxhz5vq18,usr_gan6jb803c,2024-04-23T04:02:40.177,app_open,,ses_uyd7qcb5suks,2004653
evt_komjf233tb8m,usr_gan6jb803c,2024-11-09T16:24:43.456,settings_change,,ses_uyd7qcb5suks,146832
evt_lo8fap8gsjp3,usr_gan6jb803c,2025-04-25T14:37:11.199,app_open,,ses_uyd7qcb5suks,2547344
evt_apnc5b6pxpc7,usr_gan6jb803c,2024-11-01T09:43:15.597,checkout_start,,ses_uyd7qcb5suks,208407
evt_d8rxy19dgttp,usr_gan6jb803c,2024-08-22T01:28:49.562,content_share,,ses_uyd7qcb5suks,247236
evt_elrajwb08hzf,usr_gan6jb803c,2024-10-25T17:25:56.324,feature_click,settings,ses_szhbw8g8sgyg,280866
evt_f4z85w2sz63u,usr_gan6jb803c,2025-02-22T08:32:47.044,video_play,,ses_szhbw8g8sgyg,2248624
evt_lpieodjvfqr5,usr_gan6jb803c,2024-10-13T23:33:07.392,feature_click,profile,ses_szhbw8g8sgyg,39055
evt_vl0ihcwahoi9,usr_gan6jb803c,2025-01-01T08:13:32.868,search,,ses_szhbw8g8sgyg,185351
evt_o3mgq6j9wdg8,usr_gan6jb803c,2024-10-13T16:39:16.323,checkout_start,,ses_szhbw8g8sgyg,45371
evt_3xi2981ag172,usr_gan6jb803c,2024-05-20T13:50:30.217,profile_view,,ses_szhbw8g8sgyg,14629
evt_ry5kzdjcfkp8,usr_gan6jb803c,2024-08-25T09:15:51.182,checkout_complete,,ses_szhbw8g8sgyg,209135
evt_gy6fu7q1k6b8,usr_gan6jb803c,2024-12-12T03:48:40.475,profile_view,,ses_73w6u5opgg8o,149552
evt_v6gunaxlmnm6,usr_gan6jb803c,2024-12-09T14:11:17.446,app_open,,ses_73w6u5opgg8o,1945664
evt_vqf46nykwdyl,usr_gan6jb803c,2025-03-29T00:36:28.474,video_play,,ses_73w6u5opgg8o,395324
evt_yfckipvex3g0,usr_gan6jb803c,2025-02-11T00:12:24.692,notification_click,,ses_1v4oof51ee3l,
evt_n2av5va1ivl2,usr_gan6jb803c,2025-01-07T13:22:27.435,feature_click,video_player,ses_wg51u7iof8ur,173081
evt_yroa58yxa1ic,usr_gan6jb803c,2025-03-23T16:22:31.611,app_open,,ses_wg51u7iof8ur,2873162
evt_a6ixfsqchtiv,usr_gan6jb803c,2024-09-15T00:42:46.465,feature_click,feed,ses_inthcrkvr0x1,237280
evt_jjhcl3bc6zuq,usr_gan6jb803c,2024-11-16T23:25:27.309,checkout_start,,ses_inthcrkvr0x1,47075
evt_qvvy0j26e9bn,usr_gan6jb803c,2024-09-22T19:23:02.043,feature_click,messages,ses_23788fc158z3,222893
evt_7i9weq3n0yxo,usr_gan6jb803c,2024-05-18T14:08:50.454,checkout_complete,,ses_23788fc158z3,83158
evt_9ts34d86hn3q,usr_gan6jb803c,2024-03-18T01:51:02.624,profile_view,,ses_23788fc158z3,236342
evt_89dok4yjnzn6,usr_kmah1z2bz5,2025-04-04T00:19:34.525,profile_view,,ses_u0da7g38u8b0,123557
evt_vhc0kl1atvpc,usr_kmah1z2bz5,2024-12-22T19:17:36.378,video_play,,ses_u0da7g38u8b0,782305
evt_ismccuioj3lu,usr_kmah1z2bz5,2025-01-20T20:36:29.460,app_open,,ses_u0da7g38u8b0,534282
evt_ttl7euzf1qsr,usr_kmah1z2bz5,2025-05-02T15:01:33.661,app_open,,ses_u0da7g38u8b0,2605495
evt_fm37hvatkq0o,usr_kmah1z2bz5,2024-12-28T23:50:51.287,profile_view,,ses_u0da7g38u8b0,175778
evt_0t63m3mzy7xn,usr_kmah1z2bz5,2025-01-27T04:30:47.717,video_play,,ses_qe7q6klmcefu,2680340
evt_yutlx1kcuuft,usr_kmah1z2bz5,2025-01-15T20:05:00.084,search,,ses_qe7q6klmcefu,292912
evt_5bcrz49of267,usr_kmah1z2bz5,2024-12-26T09:37:10.080,content_share,,ses_qe7q6klmcefu,188567
evt_gtnwti8rqgec,usr_kmah1z2bz5,2024-12-20T10:56:53.902,feature_click,video_player,ses_qe7q6klmcefu,192883
evt_2xwcr2ssc7ra,usr_kmah1z2bz5,2025-03-19T20:34:01.046,profile_view,,ses_qe7q6klmcefu,203330
evt_sshzegjhjq6c,usr_kmah1z2bz5,2025-02-13T03:37:19.557,search,,ses_qe7q6klmcefu,101631
evt_ejraxyw2k6db,usr_kmah1z2bz5,2025-03-27T02:49:14.278,checkout_start,,ses_qe7q6klmcefu,272476
evt_00d7pelmbh51,usr_kmah1z2bz5,2025-03-31T20:47:17.469,profile_view,,ses_qe7q6klmcefu,138198
evt_mfb294zqqcmh,usr_kmah1z2bz5,2025-01-20T10:47:29.638,profile_view,,ses_qe7q6klmcefu,86749
evt_1mzwjz8sx2d9,usr_kmah1z2bz5,2025-01-06T00:02:27.880,app_open,,ses_qe7q6klmcefu,3074989
evt_n9zjgt2enb7x,usr_kmah1z2bz5,2025-05-01T03:39:51.531,notification_click,,ses_qe7q6klmcefu,
evt_uczc3852vhu9,usr_kmah1z2bz5,2025-03-07T20:00:09.940,settings_change,,ses_qe7q6klmcefu,274411
evt_zsc457ydff55,usr_kmah1z2bz5,2025-01-19T05:39:21.083,settings_change,,ses_qe7q6klmcefu,187429
evt_o7crt5vx4mqn,usr_kmah1z2bz5,2025-04-28T03:16:58.310,checkout_start,,ses_cezc3eesv7pp,237399
evt_xsgzlmvndac3,usr_kmah1z2bz5,2025-03-12T16:45:56.246,notification_click,,ses_cezc3eesv7pp,
evt_4l84v8rbbpnb,usr_f9dyf57zmy,2023-08-28T08:18:27.480,settings_change,,ses_wjbepdjjyawd,15851
evt_n6rlyd6uckf6,usr_f9dyf57zmy,2025-03-03T18:08:09.262,feature_click,checkout,ses_wjbepdjjyawd,216061
evt_i5vfdb1emp4y,usr_f9dyf57zmy,2024-10-11T01:19:51.737,feature_click,profile,ses_wjbepdjjyawd,200767
evt_7tcml9mxphz7,usr_f9dyf57zmy,2024-05-21T21:20:16.022,checkout_complete,,ses_iyp7u530m7wu,116789
evt_35zjk8sluuu3,usr_f9dyf57zmy,2024-02-05T19:14:34.452,profile_view,,ses_iyp7u530m7wu,72087
evt_ggnipl1ub78c,usr_f9dyf57zmy,2025-02-27T12:33:07.368,search,,ses_iyp7u530m7wu,168479
evt_e1xhik9wq1nt,usr_f9dyf57zmy,2025-05-09T08:58:36.204,checkout_complete,,ses_ry68zpgbkavm,95136
evt_mtkzznh9kyu8,usr_f9dyf57zmy,2024-03-26T17:41:10.120,settings_change,,ses_ry68zpgbkavm,28869
evt_yjq2783l40jc,usr_f9dyf57zmy,2024-09-09T10:25:39.642,profile_view,,ses_ry68zpgbkavm,190897
evt_xeo9tdk96eq3,usr_f9dyf57zmy,2023-11-23T14:12:44.566,checkout_complete,,ses_ry68zpgbkavm,133818
evt_nrdt7pk6i42h,usr_f9dyf57zmy,2023-12-04T11:21:05.835,checkout_complete,,ses_ry68zpgbkavm,260015
evt_kfg8ta33laay,usr_f9dyf57zmy,2024-02-03T11:55:39.953,video_play,,ses_ry68zpgbkavm,3320434
evt_izwb1adpksnv,usr_f9dyf57zmy,2024-06-01T23:36:39.318,checkout_complete,,ses_ry68zpgbkavm,21837
evt_51zx17ekxteu,usr_f9dyf57zmy,2025-04-27T07:32:27.715,content_share,,ses_ry68zpgbkavm,72423
evt_smhkmdjbgfpn,usr_o807w7hani,2025-05-17T07:07:58.122,search,,ses_30z0ct4zsnmh,296940
evt_npkh8yo5tys3,usr_o807w7hani,2025-02-28T07:31:39.901,video_play,,ses_30z0ct4zsnmh,1954791
evt_pza2wdlvaa4l,usr_o807w7hani,2025-03-22T11:18:11.265,feature_click,search,ses_30z0ct4zsnmh,264060
evt_90lbdu090xmn,usr_o807w7hani,2024-07-19T20:46:25.280,settings_change,,ses_30z0ct4zsnmh,144626
evt_rdmlu2q9lap9,usr_o807w7hani,2025-04-27T01:16:59.944,profile_view,,ses_30z0ct4zsnmh,252431
evt_qlqbfmbn8mg6,usr_o807w7hani,2024-07-28T07:58:48.629,settings_change,,ses_30z0ct4zsnmh,265786
evt_eb1lbeviqwnn,usr_o807w7hani,2024-09-15T10:24:59.566,checkout_complete,,ses_30z0ct4zsnmh,78025
evt_rbgyxddysglv,usr_o807w7hani,2024-12-25T04:10:48.633,settings_change,,ses_30z0ct4zsnmh,147768
evt_8kr871i4tggm,usr_h0918r2c9w,2025-01-30T08:13:59.313,app_open,,ses_w5x17p86ol2q,842744
evt_3w20yqxevr7l,usr_h0918r2c9w,2025-03-17T18:39:27.965,profile_view,,ses_w5x17p86ol2q,64840
evt_yfgwifjmls62,usr_h0918r2c9w,2025-04-23T10:32:56.450,checkout_complete,,ses_w5x17p86ol2q,106046
evt_8qwvn4sldp2i,usr_h0918r2c9w,2025-02-24T14:55:12.152,search,,ses_w5x17p86ol2q,51453
evt_z62ji21gai5g,usr_h0918r2c9w,2025-04-17T14:55:32.232,checkout_start,,ses_w5x17p86ol2q,139102
evt_ws2980b3gp5t,usr_h0918r2c9w,2025-04-15T15:25:07.094,profile_view,,ses_w5x17p86ol2q,206772
evt_wgh1efegq3v5,usr_h0918r2c9w,2025-04-27T00:36:20.878,search,,ses_w5x17p86ol2q,193915
evt_tmf9rao9tgg6,usr_h0918r2c9w,2025-01-07T12:04:15.995,settings_change,,ses_8kfjbdr4f70k,64991
evt_wcd5e2xbdi1g,usr_h0918r2c9w,2025-05-03T16:52:29.126,notification_click,,ses_8kfjbdr4f70k,
evt_qc18zzceflv0,usr_h0918r2c9w,2025-04-29T03:06:54.033,checkout_start,,ses_249jdid8nnxk,94830
evt_z3f31c1bpdiu,usr_h0918r2c9w,2024-12-30T11:41:40.257,app_open,,ses_6lge6kv71kr1,1603583
evt_3hl7gkmf3ghn,usr_h0918r2c9w,2025-04-29T00:07:02.739,checkout_start,,ses_6lge6kv71kr1,87872
evt_9grk45vef3e0,usr_3zcg2f2ewc,2024-11-22T16:24:12.754,app_open,,ses_y8efv22hgpm4,2396440
evt_r2fjacqg17bt,usr_3zcg2f2ewc,2024-12-27T16:19:43.449,feature_click,checkout,ses_y8efv22hgpm4,109108
evt_onzlk4uovi6n,usr_3zcg2f2ewc,2024-12-13T03:53:48.182,settings_change,,ses_y8efv22hgpm4,81138
evt_8pfo8bh6cn40,usr_3zcg2f2ewc,2024-12-03T03:11:51.390,video_play,,ses_y8efv22hgpm4,1105440
evt_e69pubzly520,usr_3zcg2f2ewc,2025-05-02T13:53:26.984,video_play,,ses_4i0ofn5enfop,2068213
evt_1mgn98o5fnm7,usr_3zcg2f2ewc,2025-01-19T18:15:37.899,feature_click,search,ses_a9zf12o9e1d8,230969
evt_1l3liaosfktg,usr_9fo4ua3sk2,2025-02-09T05:54:51.275,settings_change,,ses_qw3lksit5wa1,263594
evt_ap7bdfjh36d6,usr_9fo4ua3sk2,2025-01-14T16:38:35.749,app_open,,ses_qw3lksit5wa1,1912453
evt_kchf4qx4kbav,usr_9fo4ua3sk2,2025-03-17T02:07:01.777,settings_change,,ses_qw3lksit5wa1,287248
evt_90bmcffq0a28,usr_9fo4ua3sk2,2024-12-23T06:43:39.576,content_share,,ses_qw3lksit5wa1,99311
evt_tyac59rsljnq,usr_9fo4ua3sk2,2025-04-29T22:43:42.712,video_play,,ses_qw3lksit5wa1,3250652
evt_062bdy77xdaf,usr_9fo4ua3sk2,2025-01-16T22:52:17.634,notification_click,,ses_qw3lksit5wa1,
evt_ken2o4bm2dx7,usr_9fo4ua3sk2,2024-12-09T18:54:16.428,content_share,,ses_qw3lksit5wa1,272556
evt_9y8mzinmo8al,usr_9fo4ua3sk2,2025-02-23T19:27:28.127,feature_click,feed,ses_qw3lksit5wa1,46895
evt_ppgluw16tcq1,usr_9fo4ua3sk2,2025-05-05T06:20:24.511,content_share,,ses_qw3lksit5wa1,193408
evt_am0ukh545n7a,usr_9fo4ua3sk2,2025-01-22T13:46:40.282,app_open,,ses_yrb6brli7p1f,68518
evt_9t590xidfct6,usr_9fo4ua3sk2,2025-03-04T23:51:48.266,app_open,,ses_yrb6brli7p1f,827333
evt_rvj4cs0gnkkp,usr_9fo4ua3sk2,2025-03-09T23:12:16.772,feature_click,help_center,ses_yrb6brli7p1f,125881
evt_wequ5mlo3qnr,usr_9fo4ua3sk2,2025-01-25T11:46:55.851,profile_view,,ses_q9juyqifc4sr,53760
evt_aggiue2ixbg1,usr_9fo4ua3sk2,2025-02-06T13:05:08.131,checkout_complete,,ses_q9juyqifc4sr,73976
evt_gfiuc7s863z7,usr_9fo4ua3sk2,2024-12-14T08:09:34.418,feature_click,profile,ses_nmko857opp7a,133499
evt_u80iev7n1m5q,usr_9fo4ua3sk2,2025-02-26T16:08:52.988,search,,ses_nmko857opp7a,59854
evt_n8rqwazgfjdj,usr_9fo4ua3sk2,2024-12-22T20:14:54.418,feature_click,checkout,ses_nmko857opp7a,157731
evt_xjrjipvky59l,usr_9fo4ua3sk2,2024-12-14T03:14:47.485,checkout_complete,,ses_nmko857opp7a,71742
evt_ydziobati3ag,usr_9fo4ua3sk2,2025-05-19T01:49:49.479,feature_click,settings,ses_nmko857opp7a,119265
evt_2ftqbhsegy3l,usr_9fo4ua3sk2,2025-04-06T10:18:26.334,feature_click,video_player,ses_nmko857opp7a,39238
evt_5qqbfu0pk5b8,usr_9fo4ua3sk2,2025-05-10T18:05:25.673,feature_click,settings,ses_iobme44nwome,89661
evt_wxvyljw6rcal,usr_o1l9qdmkx4,2024-10-25T02:34:31.905,checkout_complete,,ses_21fcs7a91wy2,284064
evt_u0tm2b2onsh9,usr_o1l9qdmkx4,2024-07-09T01:56:08.004,app_open,,ses_21fcs7a91wy2,1949158
evt_o92xsyucqzpo,usr_o1l9qdmkx4,2024-10-02T12:21:36.362,content_share,,ses_21fcs7a91wy2,182896
evt_5jpbv1s3hc7z,usr_o1l9qdmkx4,2025-01-06T21:26:33.962,search,,ses_21fcs7a91wy2,294427
evt_ufbrirejvlz4,usr_o1l9qdmkx4,2025-02-07T12:38:13.918,notification_click,,ses_21fcs7a91wy2,
evt_bxsvnnt97jsc,usr_o1l9qdmkx4,2024-12-01T12:04:27.735,checkout_start,,ses_21fcs7a91wy2,119185
evt_a411funtevmv,usr_o1l9qdmkx4,2024-12-20T08:49:19.842,app_open,,ses_z1uh7u9bso90,2465601
evt_ul6uok7dhuw8,usr_o1l9qdmkx4,2025-01-12T22:51:24.315,profile_view,,ses_z1uh7u9bso90,161691
evt_fvvtsni1eug5,usr_o1l9qdmkx4,2025-04-28T12:21:24.909,checkout_start,,ses_z1uh7u9bso90,236483
evt_fcxiwod6c04j,usr_t6lcf5pumv,2024-02-01T22:47:54.726,search,,ses_jdecbssu01o4,131344
evt_54fs47iiuqhn,usr_t6lcf5pumv,2024-04-21T21:37:26.154,content_share,,ses_jdecbssu01o4,206032
evt_1s8wu9pyhqqp,usr_t6lcf5pumv,2025-05-15T11:39:58.606,checkout_complete,,ses_jdecbssu01o4,34317
evt_zaubwvq23ezd,usr_t6lcf5pumv,2023-08-04T12:59:53.996,search,,ses_jdecbssu01o4,41162
evt_ym8vyepw68fz,usr_t6lcf5pumv,2023-06-20T01:33:36.808,video_play,,ses_jdecbssu01o4,1742134
evt_alfkfk5tppag,usr_t6lcf5pumv,2024-07-10T04:45:46.282,content_share,,ses_jdecbssu01o4,161720
evt_x9k39mlxu7dp,usr_t6lcf5pumv,2023-12-02T07:53:04.177,checkout_start,,ses_jdecbssu01o4,221170
evt_440251vn0smq,usr_t6lcf5pumv,2023-11-28T16:54:53.890,settings_change,,ses_jdecbssu01o4,66434
evt_oh6z9sq9dmns,usr_t6lcf5pumv,2024-08-06T06:31:44.388,search,,ses_jdecbssu01o4,83819
evt_dodr75jjzhhg,usr_t6lcf5pumv,2023-04-15T00:13:17.861,profile_view,,ses_jdecbssu01o4,200353
evt_dg4hkqz363t8,usr_t6lcf5pumv,2024-12-11T22:36:04.975,checkout_start,,ses_jdecbssu01o4,34304
evt_7r1zshs9ght7,usr_t6lcf5pumv,2024-08-08T17:26:19.884,content_share,,ses_jdecbssu01o4,215459
evt_zdmsnk823ngn,usr_t6lcf5pumv,2025-01-04T17:05:37.786,profile_view,,ses_gf7n3nw5bels,30831
evt_34cgls900eyx,usr_t6lcf5pumv,2024-05-29T10:56:10.050,settings_change,,ses_gf7n3nw5bels,28501
evt_85imf5pa8pim,usr_t6lcf5pumv,2025-04-14T15:42:52.417,feature_click,notifications,ses_gf7n3nw5bels,292460
evt_rt1rhe9p8ydc,usr_t6lcf5pumv,2024-07-23T02:26:02.440,notification_click,,ses_1z9s55e74ple,
evt_u20z1jc2kaj9,usr_o3cx3h1ngu,2025-02-28T15:33:26.584,profile_view,,ses_81vsayktnwhz,246533
evt_pgqxbh7ktee7,usr_o3cx3h1ngu,2025-02-12T05:50:45.876,notification_click,,ses_81vsayktnwhz,
evt_zi1emt8gao7e,usr_o3cx3h1ngu,2025-02-09T10:41:21.667,profile_view,,ses_81vsayktnwhz,181499
evt_p0dw6b7nri4r,usr_o3cx3h1ngu,2024-11-14T07:41:54.996,profile_view,,ses_8wyoxxxsco7r,112925
evt_42cw5jygnqbw,usr_o3cx3h1ngu,2025-05-03T06:58:53.393,checkout_start,,ses_9yqqxfucfhhe,128105
evt_2yzqorfmeih0,usr_o3cx3h1ngu,2024-08-04T00:41:30.841,notification_click,,ses_9yqqxfucfhhe,
evt_38tv7zjw9h7f,usr_o3cx3h1ngu,2024-11-25T21:10:01.677,search,,ses_9yqqxfucfhhe,132397
evt_3a8scu2eo1u6,usr_o3cx3h1ngu,2024-09-16T07:10:36.333,video_play,,ses_9yqqxfucfhhe,1720722
evt_mq2u2r1liah2,usr_o3cx3h1ngu,2024-09-28T19:46:20.206,checkout_complete,,ses_9yqqxfucfhhe,105276
evt_7tu75upu47rc,usr_o3cx3h1ngu,2025-02-23T04:52:30.138,settings_change,,ses_wb7buhy2m5pz,295075
evt_31n9xg1myej1,usr_o3cx3h1ngu,2024-10-14T07:20:33.509,content_share,,ses_wb7buhy2m5pz,233079
evt_m2r20m7yqg2g,usr_o3cx3h1ngu,2024-12-18T19:43:50.749,profile_view,,ses_wb7buhy2m5pz,237845
evt_w183sr094dbd,usr_o3cx3h1ngu,2024-08-09T11:26:52.062,checkout_complete,,ses_opve7mnotuwq,223476
evt_cyqj6vznocqe,usr_o3cx3h1ngu,2025-04-23T05:26:42.956,video_play,,ses_opve7mnotuwq,1032757
evt_n1d3gotes5da,usr_o3cx3h1ngu,2025-02-08T23:45:58.251,content_share,,ses_9ig95wh4lzf2,139277
evt_n7bewb0ktrh5,usr_o3cx3h1ngu,2024-06-30T01:11:56.297,app_open,,ses_9ig95wh4lzf2,1614644
evt_21qwnpmqrr02,usr_o3cx3h1ngu,2024-07-31T04:49:28.643,profile_view,,ses_4yw0vuq5rt79,3136
evt_bsn36hccimit,usr_o3cx3h1ngu,2025-02-17T23:46:54.709,notification_click,,ses_4yw0vuq5rt79,
evt_tqbeo41vhb3k,usr_o3cx3h1ngu,2024-11-12T02:48:11.411,app_open,,ses_4yw0vuq5rt79,2422341
evt_xnae0gw0lbnm,usr_xa3i0wqd9x,2024-08-24T23:09:29.278,search,,ses_cawjqpebudri,194570
evt_fnqxmombbaff,usr_xa3i0wqd9x,2024-09-02T08:53:36.832,checkout_complete,,ses_cawjqpebudri,91090
evt_i89tz4yvjnf1,usr_xa3i0wqd9x,2025-01-21T21:42:51.203,video_play,,ses_cawjqpebudri,3218495
evt_8jffoev1fltb,usr_xa3i0wqd9x,2024-10-25T18:49:47.515,feature_click,help_center,ses_cawjqpebudri,218145
evt_x9id61q8xk6j,usr_xa3i0wqd9x,2024-09-08T04:55:45.017,profile_view,,ses_cawjqpebudri,65143
evt_jpnkkn1mb0zq,usr_xa3i0wqd9x,2024-10-31T03:01:18.359,video_play,,ses_xixfc57dcvxa,336547
evt_3vn2s4vazg69,usr_xa3i0wqd9x,2024-10-02T17:56:01.589,video_play,,ses_r0n8amb3on6q,3479880
evt_a08veajtp02c,usr_pk5rpwntk4,2024-09-07T14:17:30.366,search,,ses_2ihpq0ipozr8,95722
evt_yp3odng8vai9,usr_pk5rpwntk4,2025-02-07T20:16:34.272,feature_click,help_center,ses_2ihpq0ipozr8,164621
evt_tws2re17sy9v,usr_pk5rpwntk4,2024-09-14T17:43:55.147,checkout_complete,,ses_2ihpq0ipozr8,299010
evt_qfgczog7olz2,usr_pk5rpwntk4,2025-04-15T19:33:27.828,content_share,,ses_2ihpq0ipozr8,4445
evt_qj66pr5iet53,usr_pk5rpwntk4,2025-04-24T16:05:21.289,notification_click,,ses_2ihpq0ipozr8,
evt_sxr5g06qleyh,usr_pk5rpwntk4,2025-02-18T23:38:48.383,content_share,,ses_lsuljq8p7d06,251538
evt_2c29c7tudtck,usr_pk5rpwntk4,2024-08-27T07:15:58.664,settings_change,,ses_lsuljq8p7d06,15085
evt_c8ggi9kcpu1e,usr_pk5rpwntk4,2024-10-23T17:58:32.825,app_open,,ses_lsuljq8p7d06,75071
evt_pfupaaet9c22,usr_pk5rpwntk4,2024-09-04T10:25:13.283,video_play,,ses_h49scd0rjn0g,802379
evt_ou29e10w4s5w,usr_pk5rpwntk4,2024-08-17T20:54:42.830,settings_change,,ses_h49scd0rjn0g,275270
evt_zxvj1rzseunn,usr_pk5rpwntk4,2024-12-13T05:18:44.805,checkout_complete,,ses_h49scd0rjn0g,290683
evt_82ydrb7k4gpb,usr_pk5rpwntk4,2024-09-30T23:07:48.809,content_share,,ses_h49scd0rjn0g,176770
evt_k9svgb6arn4v,usr_pk5rpwntk4,2024-10-12T09:25:43.613,video_play,,ses_h49scd0rjn0g,645810
evt_na3qqny3wezf,usr_pk5rpwntk4,2024-11-05T06:26:13.820,app_open,,ses_h49scd0rjn0g,3135546
evt_m2e5lc0w7s81,usr_pk5rpwntk4,2024-09-28T08:11:25.635,content_share,,ses_h49scd0rjn0g,45245
evt_e7fqp4zka8nx,usr_pk5rpwntk4,2025-05-14T07:52:20.844,profile_view,,ses_oi7z2c67ctps,111933
evt_sbtd2bz3t0c5,usr_pk5rpwntk4,2024-10-12T07:29:29.898,app_open,,ses_oi7z2c67ctps,1319705
evt_7zxb5yq0391d,usr_pk5rpwntk4,2025-03-06T22:39:16.334,notification_click,,ses_oi7z2c67ctps,
evt_msdwz7rlaowg,usr_pk5rpwntk4,2024-10-09T06:35:08.435,checkout_start,,ses_oi7z2c67ctps,180813
evt_lta2gqgb7w20,usr_pk5rpwntk4,2024-08-18T03:50:50.365,settings_change,,ses_oi7z2c67ctps,15784
evt_96kslomdpuyq,usr_pk5rpwntk4,2024-11-26T12:17:51.502,video_play,,ses_oi7z2c67ctps,286131
evt_zrtt1uo3gzx9,usr_pk5rpwntk4,2025-03-04T17:10:53.792,checkout_complete,,ses_oi7z2c67ctps,227878
evt_fkk3mzqhgokq,usr_pk5rpwntk4,2024-11-17T09:36:24.962,feature_click,feed,ses_oi7z2c67ctps,107609
evt_6z6oj1azxumq,usr_8yip5i1smw,2024-08-17T01:23:22.910,settings_change,,ses_rg0t99aeboes,81366
evt_mhdxwcnh2eh2,usr_8yip5i1smw,2023-07-30T12:27:53.499,content_share,,ses_rg0t99aeboes,85471
evt_7sk0i2os3cgg,usr_8yip5i1smw,2024-10-15T22:31:01.430,checkout_complete,,ses_rg0t99aeboes,176929
evt_q5bmi1yan9hj,usr_8yip5i1smw,2024-05-22T06:27:22.726,checkout_complete,,ses_rg0t99aeboes,187450
evt_mhd4j5ny8hgy,usr_8yip5i1smw,2023-09-30T17:34:30.806,content_share,,ses_rg0t99aeboes,13079
evt_1v272n21ckwe,usr_8yip5i1smw,2023-11-09T22:31:49.395,feature_click,notifications,ses_r9uger3mmsrw,65366
evt_letxltlvhtv5,usr_8yip5i1smw,2025-02-24T17:06:19.339,feature_click,help_center,ses_r9uger3mmsrw,272830
evt_yizeekqjc9if,usr_8yip5i1smw,2023-10-12T03:24:50.147,feature_click,search,ses_r9uger3mmsrw,215247
evt_p9jcnws6xy2o,usr_8yip5i1smw,2023-12-05T10:34:06.549,video_play,,ses_4ju21v9ki6k8,642828
evt_vmkq6qmkn598,usr_8yip5i1smw,2024-11-23T03:02:29.188,video_play,,ses_4ju21v9ki6k8,3292246
evt_zxz3au43y6b3,usr_8yip5i1smw,2024-11-26T06:19:35.076,notification_click,,ses_4ju21v9ki6k8,
evt_dims8ou36xim,usr_8yip5i1smw,2024-09-20T01:51:21.419,video_play,,ses_4ju21v9ki6k8,2562976
evt_2v1olyl2q474,usr_3w64z6w3y9,2024-12-07T19:38:18.327,search,,ses_lo6yfq6795yj,100437
evt_8kd0n5cekfb0,usr_3w64z6w3y9,2025-02-14T06:02:23.175,checkout_start,,ses_lo6yfq6795yj,29039
evt_u9c94989nz4v,usr_3w64z6w3y9,2023-11-21T13:35:46.158,notification_click,,ses_lo6yfq6795yj,
evt_j074nvzhrc7m,usr_3w64z6w3y9,2024-06-27T11:58:27.026,notification_click,,ses_lo6yfq6795yj,
evt_y1z1o7zkk39k,usr_3w64z6w3y9,2024-04-21T02:30:27.745,video_play,,ses_lo6yfq6795yj,2350325
evt_pgym2fqmmfwb,usr_3w64z6w3y9,2024-02-15T19:47:41.376,checkout_complete,,ses_lo6yfq6795yj,111037
evt_3rvsikucnynd,usr_3w64z6w3y9,2024-10-30T17:23:47.738,profile_view,,ses_lo6yfq6795yj,123216
evt_x706yc1rfc8v,usr_3w64z6w3y9,2024-12-30T21:55:00.898,feature_click,checkout,ses_lo6yfq6795yj,132630
evt_qwgnidrvr820,usr_3w64z6w3y9,2023-06-11T19:45:10.349,settings_change,,ses_vwy85g30mnei,2406
evt_tfit6pbxk7xd,usr_3w64z6w3y9,2023-11-20T13:53:35.856,video_play,,ses_vv43in5ip07p,1163765
evt_1yyheib3ijxb,usr_3w64z6w3y9,2023-07-18T13:20:47.117,checkout_complete,,ses_vv43in5ip07p,101820
evt_i3quww1n1vv9,usr_8qh0ceawyd,2024-10-01T05:21:02.232,notification_click,,ses_v4i8ba0allmo,
evt_elhbk6ho69f7,usr_8qh0ceawyd,2023-08-14T20:52:45.664,search,,ses_v4i8ba0allmo,245355
evt_w9gc8yp20oc4,usr_8qh0ceawyd,2025-01-25T16:22:13.796,profile_view,,ses_v4i8ba0allmo,272068
evt_huawcjoi69cr,usr_8qh0ceawyd,2024-01-12T11:45:43.592,checkout_complete,,ses_2v5v7u6i23go,271042
evt_rk65nsf92t3z,usr_8qh0ceawyd,2024-11-30T21:51:59.080,profile_view,,ses_2v5v7u6i23go,151361
evt_tln6l42l1kku,usr_8qh0ceawyd,2025-03-13T06:16:40.652,video_play,,ses_srojmkgpfhw1,2913999
evt_ydhsknwde2em,usr_8qh0ceawyd,2025-02-26T11:34:31.704,checkout_start,,ses_srojmkgpfhw1,296708
evt_hp3ncwa0c2s0,usr_8qh0ceawyd,2024-10-25T21:13:20.552,checkout_complete,,ses_srojmkgpfhw1,293253
evt_lfw25ib3eank,usr_8qh0ceawyd,2025-05-13T13:00:05.523,checkout_complete,,ses_srojmkgpfhw1,196294
evt_nhttz1msh55e,usr_8qh0ceawyd,2025-02-24T09:39:19.619,notification_click,,ses_srojmkgpfhw1,
evt_h9v6v56c3df6,usr_8qh0ceawyd,2025-02-02T13:00:05.937,feature_click,homepage,ses_srojmkgpfhw1,71349
evt_3leqa9lllkhd,usr_8qh0ceawyd,2023-09-03T01:51:33.563,video_play,,ses_srojmkgpfhw1,3049415
evt_7ggwlj24e48x,usr_8qh0ceawyd,2023-08-10T09:17:15.557,search,,ses_2curct5pxl1x,43145
evt_wye4ne6w4vm8,usr_8qh0ceawyd,2023-12-11T15:21:31.165,content_share,,ses_2curct5pxl1x,226936
evt_6vo61df4erk4,usr_8qh0ceawyd,2024-02-11T10:55:06.981,checkout_complete,,ses_2curct5pxl1x,119607
evt_gj6u0o46pk5d,usr_8qh0ceawyd,2023-11-15T15:45:17.105,search,,ses_2curct5pxl1x,165298
evt_aakjj39b3a3l,usr_8qh0ceawyd,2024-10-30T14:01:15.676,video_play,,ses_2curct5pxl1x,2943375
evt_3q9r3v7a3h94,usr_8qh0ceawyd,2025-05-02T00:43:47.394,settings_change,,ses_2curct5pxl1x,222433
evt_04o0jwd3inck,usr_8qh0ceawyd,2023-09-14T14:35:31.222,content_share,,ses_2curct5pxl1x,27358
evt_48fujxk68gdi,usr_8qh0ceawyd,2024-12-26T10:40:02.407,feature_click,homepage,ses_2curct5pxl1x,47607
evt_l3j4cvat4jdu,usr_8qh0ceawyd,2023-09-08T10:18:37.316,feature_click,search,ses_2curct5pxl1x,246799
evt_1aibl29bo35e,usr_8qh0ceawyd,2024-06-12T16:41:22.601,feature_click,settings,ses_8i02a542cw5p,73870
evt_2t17cpwb085u,usr_8qh0ceawyd,2024-03-20T22:39:47.829,checkout_complete,,ses_8i02a542cw5p,231144
evt_94j7n5833r9g,usr_8qh0ceawyd,2024-04-06T19:15:00.878,checkout_complete,,ses_8i02a542cw5p,215788
evt_lyj8k2y16vc2,usr_8qh0ceawyd,2025-04-26T06:19:26.848,app_open,,ses_pum6vu9tf57l,2774657
evt_6ihz0azuj51r,usr_8qh0ceawyd,2023-10-02T03:22:24.356,settings_change,,ses_34ghkjgfm449,75820
evt_khl9u3nstd8m,usr_8qh0ceawyd,2024-01-31T14:04:44.286,checkout_start,,ses_34ghkjgfm449,190518
evt_at3nx5k8996g,usr_8qh0ceawyd,2025-01-10T09:26:23.950,video_play,,ses_34ghkjgfm449,105618
evt_vps52mgknh5s,usr_8qh0ceawyd,2023-10-17T11:26:04.219,content_share,,ses_tqa7uwzq1kat,65805
evt_niw0xqdknsei,usr_8qh0ceawyd,2024-06-05T20:58:05.193,feature_click,checkout,ses_tqa7uwzq1kat,99992
evt_qhowinkanlvz,usr_8qh0ceawyd,2025-05-05T19:52:54.607,content_share,,ses_tqa7uwzq1kat,83837
evt_2upkm5o9jqkq,usr_8qh0ceawyd,2023-10-26T16:33:00.444,checkout_complete,,ses_tqa7uwzq1kat,244479
evt_egpa98qun4f3,usr_8qh0ceawyd,2024-10-02T06:01:21.940,app_open,,ses_hl9ybm0xwhe9,260524
evt_70j3sgscbyoa,usr_waihszv62g,2025-03-28T02:03:14.355,search,,ses_odig3o5htuj5,20624
evt_mm41qeh20pie,usr_waihszv62g,2025-02-07T17:09:01.183,feature_click,notifications,ses_odig3o5htuj5,52339
evt_731zmps6moyz,usr_waihszv62g,2025-01-01T15:40:31.276,video_play,,ses_odig3o5htuj5,3001750
evt_44i24i2u3mtp,usr_waihszv62g,2024-09-09T16:20:26.679,search,,ses_odig3o5htuj5,278303
evt_wf77w81zjmpg,usr_waihszv62g,2024-12-31T23:02:11.613,profile_view,,ses_odig3o5htuj5,62920
evt_97jperqvs6ki,usr_waihszv62g,2024-11-02T07:05:58.060,checkout_complete,,ses_t4rue12vhf5d,17227
evt_wkn4mnihan23,usr_waihszv62g,2024-08-21T05:10:27.559,app_open,,ses_t4rue12vhf5d,1337025
evt_rhu008tdw9jr,usr_waihszv62g,2025-04-22T23:06:50.604,settings_change,,ses_t4dstdzq9ra1,165272
evt_6q62ezlakinz,usr_waihszv62g,2025-04-05T17:49:07.492,checkout_start,,ses_t4dstdzq9ra1,90885
evt_bnew5m5zq697,usr_waihszv62g,2024-10-11T15:31:46.246,app_open,,ses_t4dstdzq9ra1,2208476
evt_9bmundjt0kfj,usr_waihszv62g,2024-12-08T02:03:58.084,settings_change,,ses_t4dstdzq9ra1,6279
evt_oc9hbcmebxo4,usr_waihszv62g,2025-05-06T16:48:06.130,settings_change,,ses_t4dstdzq9ra1,177050
evt_qlp5chqi22iw,usr_waihszv62g,2024-07-07T18:16:43.505,settings_change,,ses_v0q16nsa2a72,155124
evt_e014i5s12ru1,usr_waihszv62g,2025-04-03T23:07:49.852,video_play,,ses_v0q16nsa2a72,1681400
evt_i8sz1u35gkbg,usr_waihszv62g,2025-01-10T06:35:19.584,app_open,,ses_v0q16nsa2a72,1590329
evt_57abjxocdbfn,usr_waihszv62g,2024-11-22T05:01:04.986,search,,ses_v0q16nsa2a72,185128
evt_oc1v7qbfpe66,usr_waihszv62g,2024-11-30T22:38:44.282,checkout_complete,,ses_v0q16nsa2a72,179712
evt_j9ez55vj462a,usr_waihszv62g,2024-09-05T00:56:18.677,content_share,,ses_v0q16nsa2a72,163144
evt_5fa5bdchvpis,usr_waihszv62g,2025-01-14T06:49:18.713,feature_click,settings,ses_v0q16nsa2a72,137936
evt_a4a1cw7dp6bt,usr_waihszv62g,2025-01-28T20:42:23.901,search,,ses_v0q16nsa2a72,262278
evt_3k5kx0ako406,usr_waihszv62g,2024-12-31T11:50:39.521,checkout_start,,ses_v0q16nsa2a72,134578
evt_ne8dpqq3gd2a,usr_waihszv62g,2024-12-30T09:37:36.307,app_open,,ses_v0q16nsa2a72,1521504
evt_zll791pny2lh,usr_waihszv62g,2024-11-15T07:17:28.312,video_play,,ses_v0q16nsa2a72,748541
evt_2jcafnlwblo2,usr_waihszv62g,2024-09-05T06:06:44.191,search,,ses_v0q16nsa2a72,159528
evt_dyc6ssls6eho,usr_7r5sq8agby,2024-12-11T23:17:55.408,settings_change,,ses_zubh84kq5wl7,239119
evt_bdh6ttg43ohh,usr_7r5sq8agby,2025-01-10T19:43:47.987,search,,ses_zubh84kq5wl7,60579
evt_y2bvjwhmad6q,usr_7r5sq8agby,2024-11-14T13:29:28.751,profile_view,,ses_zubh84kq5wl7,41307
evt_wvus9p9dmy06,usr_7r5sq8agby,2024-11-15T09:14:15.897,app_open,,ses_zubh84kq5wl7,3172427
evt_tz4z5q54f3i0,usr_7r5sq8agby,2024-11-15T13:24:05.963,settings_change,,ses_9ddqrxn7xvv5,172248
evt_isj1qhhclagw,usr_7r5sq8agby,2025-04-18T12:26:39.374,settings_change,,ses_p394n2dbhnh1,48072
evt_lq9an53vrw7r,usr_7r5sq8agby,2024-11-01T07:50:16.623,search,,ses_p394n2dbhnh1,213660
evt_lvrf4vj71c2v,usr_7r5sq8agby,2024-05-29T16:53:55.224,settings_change,,ses_p394n2dbhnh1,258273
evt_09wx6a37jtfr,usr_7r5sq8agby,2025-03-26T12:16:56.855,content_share,,ses_p394n2dbhnh1,60251
evt_2nzw9w06g15h,usr_7r5sq8agby,2024-04-12T09:30:47.786,feature_click,profile,ses_p394n2dbhnh1,289812
evt_era5x8ptxajw,usr_7r5sq8agby,2025-04-08T07:31:33.025,profile_view,,ses_p394n2dbhnh1,22305
evt_sulczte2tc39,usr_7r5sq8agby,2025-04-09T00:28:44.841,content_share,,ses_p394n2dbhnh1,149262
evt_2f0gqybvnr17,usr_7r5sq8agby,2025-02-06T23:51:32.216,profile_view,,ses_fv2ja7z5ugez,27751
evt_ogkfvfuclshj,usr_7r5sq8agby,2024-10-30T12:16:44.952,search,,ses_fv2ja7z5ugez,250716
evt_ulvo24pcel8c,usr_7r5sq8agby,2024-11-25T19:25:59.166,profile_view,,ses_t8vu2g0kszkp,284180
evt_7hsgumn5nq9w,usr_7r5sq8agby,2025-02-10T03:14:35.930,notification_click,,ses_czd5zqe2px62,
evt_n1k87sxfx0f4,usr_7r5sq8agby,2024-07-21T06:30:39.757,app_open,,ses_czd5zqe2px62,2063454
evt_ijvrclixvmzm,usr_7r5sq8agby,2025-05-16T12:27:42.129,content_share,,ses_czd5zqe2px62,78433
evt_3llzpks55z87,usr_7r5sq8agby,2025-04-12T22:13:28.899,content_share,,ses_czd5zqe2px62,167758
evt_6xne0013l07h,usr_cjrnzg1ri9,2024-12-16T01:00:06.255,content_share,,ses_z4chwgh200dt,248490
evt_f98t6kuzo0td,usr_cjrnzg1ri9,2025-05-01T07:11:43.781,feature_click,messages,ses_z4chwgh200dt,56139
evt_3iej4oquvgpk,usr_cjrnzg1ri9,2024-12-08T21:05:01.804,notification_click,,ses_z4chwgh200dt,
evt_wp2shajkcinu,usr_cjrnzg1ri9,2025-01-02T13:33:41.275,notification_click,,ses_z4chwgh200dt,
evt_to65bjmpbr9o,usr_cjrnzg1ri9,2024-12-29T03:42:07.613,search,,ses_z4chwgh200dt,118871
evt_vty9wzwnncpc,usr_cjrnzg1ri9,2024-12-05T17:03:16.145,search,,ses_z4chwgh200dt,123913
evt_q261i2ijic66,usr_cjrnzg1ri9,2025-01-27T17:52:38.100,settings_change,,ses_z4chwgh200dt,90502
evt_nl0d03vmj9ht,usr_cjrnzg1ri9,2025-04-21T16:43:54.029,profile_view,,ses_z4chwgh200dt,245579
evt_b2tey3poocjk,usr_cjrnzg1ri9,2025-04-07T15:29:11.493,feature_click,notifications,ses_z4chwgh200dt,279804
evt_drvl6vcn59wq,usr_cjrnzg1ri9,2025-01-20T00:21:46.991,checkout_complete,,ses_z4chwgh200dt,135990
evt_5ihlhm875zv3,usr_cjrnzg1ri9,2025-03-24T04:54:42.521,checkout_complete,,ses_z4chwgh200dt,143564
evt_mjf19iwlz514,usr_cjrnzg1ri9,2025-04-06T08:04:11.066,checkout_start,,ses_z4chwgh200dt,13133
evt_2kk9wh0p0oib,usr_cjrnzg1ri9,2025-03-10T03:48:33.936,profile_view,,ses_z4chwgh200dt,95207
evt_oi8vi4xfo6hl,usr_cjrnzg1ri9,2025-01-17T05:25:42.994,content_share,,ses_z4chwgh200dt,104572
evt_8pffvuuayd75,usr_cjrnzg1ri9,2025-01-22T02:17:12.124,feature_click,profile,ses_z4chwgh200dt,16614
evt_e1ak0lqlqxdn,usr_cjrnzg1ri9,2024-11-15T05:08:02.707,app_open,,ses_z4chwgh200dt,93906
evt_3uvdo8vv5ovh,usr_cjrnzg1ri9,2025-04-14T12:27:19.208,search,,ses_m65plmgbd746,260449
evt_j93wd9jhpk63,usr_cjrnzg1ri9,2025-01-06T21:35:05.635,settings_change,,ses_m65plmgbd746,2207
evt_50v6hvlaeg9z,usr_cjrnzg1ri9,2025-04-28T07:26:28.662,app_open,,ses_m65plmgbd746,1678256
evt_7co3rkdi4fg6,usr_cjrnzg1ri9,2024-11-11T15:24:45.561,feature_click,video_player,ses_m65plmgbd746,182764
evt_b0cnz1ktf17r,usr_cjrnzg1ri9,2025-01-12T13:40:59.336,notification_click,,ses_m65plmgbd746,
evt_qr6dkgi5gv2q,usr_cjrnzg1ri9,2025-02-23T23:46:02.001,profile_view,,ses_m65plmgbd746,144972
evt_zbyeflw09jqv,usr_cjrnzg1ri9,2025-05-09T10:31:28.110,content_share,,ses_m65plmgbd746,27526
evt_tgqdhyg7cl2j,usr_cjrnzg1ri9,2025-01-22T06:22:43.454,app_open,,ses_m65plmgbd746,3346523
evt_ayyw1dt13ano,usr_cjrnzg1ri9,2024-12-14T01:54:47.389,notification_click,,ses_m65plmgbd746,
evt_cgdmenve6ep9,usr_cjrnzg1ri9,2024-11-15T17:32:52.525,content_share,,ses_m65plmgbd746,119207
evt_cnpharuikanu,usr_cjrnzg1ri9,2024-11-17T17:49:59.633,notification_click,,ses_m65plmgbd746,
evt_4s45o69zian6,usr_yg71pmowd6,2024-11-17T18:58:52.758,content_share,,ses_y09gkys1gidi,78669
evt_m1geaobeiq4r,usr_yg71pmowd6,2025-02-14T11:11:01.418,content_share,,ses_y09gkys1gidi,43878
evt_pcnf5p65dn7q,usr_yg71pmowd6,2024-05-31T12:52:58.057,checkout_start,,ses_y09gkys1gidi,169711
evt_5pki2ipgcorc,usr_yg71pmowd6,2024-09-25T07:46:12.752,video_play,,ses_y09gkys1gidi,1585153
evt_uggvu9gx9qgo,usr_yg71pmowd6,2024-07-03T18:45:31.768,search,,ses_y09gkys1gidi,4600
evt_8kg4jmzvwtan,usr_yg71pmowd6,2025-03-13T20:53:27.109,settings_change,,ses_y09gkys1gidi,173645
evt_3l88fvsl5vxj,usr_yg71pmowd6,2024-07-17T03:06:29.456,feature_click,notifications,ses_y09gkys1gidi,33183
evt_vrcr7cdz30q7,usr_yg71pmowd6,2025-01-13T17:05:25.028,app_open,,ses_ojmlykaku1cc,3397706
evt_w0tjehg5z6xy,usr_yg71pmowd6,2025-04-05T04:40:19.506,checkout_complete,,ses_ojmlykaku1cc,52053
evt_tmzqyajs9h2a,usr_yg71pmowd6,2024-08-08T06:25:21.654,profile_view,,ses_g9uf6628bbp6,172195
evt_n7qg56tdx23q,usr_yg71pmowd6,2025-01-07T21:50:30.649,checkout_complete,,ses_g9uf6628bbp6,290556
evt_wrh7d9jhboaq,usr_yg71pmowd6,2024-09-23T05:12:16.005,feature_click,checkout,ses_g9uf6628bbp6,98147
evt_mdqopueakq0x,usr_yg71pmowd6,2025-05-13T10:55:00.062,notification_click,,ses_s189jq316u6u,
evt_k17qve4vm7rg,usr_yg71pmowd6,2024-10-01T09:31:14.535,app_open,,ses_s189jq316u6u,3559670
evt_edy2hf04hw1k,usr_yg71pmowd6,2024-05-26T19:08:27.035,profile_view,,ses_s189jq316u6u,83785
evt_r942rzbekvrv,usr_yg71pmowd6,2025-01-28T10:30:58.506,settings_change,,ses_s189jq316u6u,41737
evt_1pke1wofbwv5,usr_yg71pmowd6,2024-08-03T11:30:35.119,feature_click,search,ses_ji3lzfm7ni75,294832
evt_0t264bgoqouy,usr_87tcpvdld4,2025-05-16T18:48:08.066,app_open,,ses_33rhwffr2msm,254438
evt_ujwbywyne4dk,usr_87tcpvdld4,2025-03-28T09:45:21.619,content_share,,ses_33rhwffr2msm,183228
evt_wofjett1437o,usr_87tcpvdld4,2025-04-04T16:03:24.100,video_play,,ses_33rhwffr2msm,3198785
evt_mdwkxnqwca1o,usr_87tcpvdld4,2025-04-28T21:26:02.583,search,,ses_33rhwffr2msm,110508
evt_eps0xqxyb7n6,usr_87tcpvdld4,2025-05-04T11:21:28.206,feature_click,feed,ses_9ckecriof25b,91433
evt_iiyzti7czepg,usr_87tcpvdld4,2025-04-08T14:41:00.002,checkout_complete,,ses_9ckecriof25b,169820
evt_ta128uf0b90d,usr_87tcpvdld4,2025-05-09T09:59:28.021,content_share,,ses_9ckecriof25b,5006
evt_c0rcc9fi68ta,usr_87tcpvdld4,2025-05-10T11:40:25.672,search,,ses_ygxvm7cr0ulg,24955
evt_vl5b2zfcb714,usr_87tcpvdld4,2025-03-27T15:36:47.816,notification_click,,ses_ygxvm7cr0ulg,
evt_is79hh86ccsy,usr_87tcpvdld4,2025-05-10T02:24:14.834,checkout_complete,,ses_ygxvm7cr0ulg,213187
evt_5e4bq17p597t,usr_87tcpvdld4,2025-04-24T23:02:38.659,checkout_complete,,ses_ygxvm7cr0ulg,259784
evt_vpu446ws3j5x,usr_87tcpvdld4,2025-05-01T05:34:59.182,video_play,,ses_ygxvm7cr0ulg,2349052
evt_mcdohvqp2nrj,usr_87tcpvdld4,2025-04-26T22:41:37.104,feature_click,profile,ses_tybkd9hbwzk2,97110
evt_2053vvmk56u1,usr_87tcpvdld4,2025-05-17T09:16:35.767,content_share,,ses_tybkd9hbwzk2,129523
evt_vjn3yb3vdise,usr_87tcpvdld4,2025-03-19T20:42:16.273,profile_view,,ses_tybkd9hbwzk2,262101
evt_s475648xt2bt,usr_87tcpvdld4,2025-05-18T13:37:05.321,app_open,,ses_tybkd9hbwzk2,2086567
evt_6sycb0tprqi6,usr_87tcpvdld4,2025-04-24T20:55:36.703,notification_click,,ses_tybkd9hbwzk2,
evt_vvys3vejzjan,usr_87tcpvdld4,2025-05-10T18:30:29.300,notification_click,,ses_tybkd9hbwzk2,
evt_lq0ksxn6fnuv,usr_87tcpvdld4,2025-05-13T11:54:05.501,app_open,,ses_6zehym04onfl,560857
evt_oy0r85sgmdb2,usr_87tcpvdld4,2025-04-22T17:49:08.258,content_share,,ses_6zehym04onfl,147545
evt_swh8yiq4aj1m,usr_87tcpvdld4,2025-05-02T16:28:02.957,settings_change,,ses_6zehym04onfl,63278
evt_iw28tvbf2603,usr_87tcpvdld4,2025-04-21T07:41:33.845,checkout_start,,ses_6zehym04onfl,204725
evt_93uxkneedo7r,usr_87tcpvdld4,2025-03-30T23:52:41.649,checkout_complete,,ses_6zehym04onfl,179089
evt_bhaejvapjfhv,usr_87tcpvdld4,2025-03-29T00:48:50.108,feature_click,homepage,ses_6zehym04onfl,210281
evt_efo4mirgo36i,usr_fwtqm54rna,2025-04-15T14:23:24.048,search,,ses_uq7ch1jx78wt,92844
evt_gr94aaudk28n,usr_fwtqm54rna,2025-03-27T06:38:37.355,checkout_complete,,ses_uq7ch1jx78wt,79979
evt_x961n0an2f43,usr_fwtqm54rna,2024-12-11T17:55:01.184,checkout_start,,ses_uq7ch1jx78wt,64356
evt_as3xtza1cre1,usr_fwtqm54rna,2025-04-27T01:54:18.277,app_open,,ses_uq7ch1jx78wt,1908390
evt_lkzmq9kz0rje,usr_fwtqm54rna,2025-02-21T19:01:55.289,checkout_start,,ses_uq7ch1jx78wt,218149
evt_r5opfhu59y84,usr_fwtqm54rna,2025-02-16T06:40:57.985,search,,ses_uq7ch1jx78wt,134122
evt_ggsoc9jwbmsf,usr_fwtqm54rna,2024-12-23T16:05:17.012,profile_view,,ses_8lszbgnlvcao,115919
evt_ph1yfhjpl40n,usr_iyjbjc1cqt,2024-06-04T12:25:03.970,content_share,,ses_va5nvxxcnrpi,40710
evt_jcazdjxs4c52,usr_iyjbjc1cqt,2024-11-24T05:18:31.466,video_play,,ses_va5nvxxcnrpi,2906945
evt_lfxmf3cvso47,usr_iyjbjc1cqt,2025-01-28T10:41:22.083,notification_click,,ses_va5nvxxcnrpi,
evt_3bz1dv4l0dgx,usr_iyjbjc1cqt,2024-07-06T16:52:04.526,settings_change,,ses_va5nvxxcnrpi,232326
evt_ixw2kql3y3h0,usr_iyjbjc1cqt,2024-08-31T20:49:34.086,checkout_start,,ses_va5nvxxcnrpi,102427
evt_csw968g2ivds,usr_iyjbjc1cqt,2025-01-16T22:21:24.435,content_share,,ses_va5nvxxcnrpi,219109
evt_li4kqin0bl2q,usr_iyjbjc1cqt,2024-12-01T02:04:33.612,app_open,,ses_va5nvxxcnrpi,2753986
evt_eavrvctj1rns,usr_iyjbjc1cqt,2024-08-10T09:35:45.375,checkout_start,,ses_va5nvxxcnrpi,73050
evt_bgnctuugl9lm,usr_iyjbjc1cqt,2024-07-14T07:15:20.187,checkout_complete,,ses_dgvzbbodqr7n,284292
evt_zkzagn5n75vc,usr_iyjbjc1cqt,2024-11-25T03:08:35.619,profile_view,,ses_dgvzbbodqr7n,229493
evt_6tpl9vxizucr,usr_iyjbjc1cqt,2024-07-28T11:16:27.032,profile_view,,ses_fglkdvc0k12v,126631
evt_pjfnf2445hlq,usr_iyjbjc1cqt,2024-11-25T03:18:13.443,profile_view,,ses_fglkdvc0k12v,184816
evt_n0eyau38dqfd,usr_iyjbjc1cqt,2024-07-31T02:45:20.979,video_play,,ses_fglkdvc0k12v,703841
evt_0guwfvkw9j7j,usr_iyjbjc1cqt,2024-06-25T02:05:53.092,app_open,,ses_fglkdvc0k12v,1027587
evt_vbetbweivdu9,usr_iyjbjc1cqt,2024-10-14T10:43:09.588,app_open,,ses_fglkdvc0k12v,1533893
evt_6rsobdsl0it9,usr_iyjbjc1cqt,2025-04-08T02:40:37.834,feature_click,feed,ses_ui9oqaouyqcx,121827
evt_dzpb4zkudpud,usr_iyjbjc1cqt,2025-03-20T10:53:33.929,feature_click,feed,ses_ui9oqaouyqcx,148125
evt_sojvidj33p9c,usr_iyjbjc1cqt,2024-05-31T04:43:57.026,search,,ses_ui9oqaouyqcx,297448
evt_e7o3h9307lv8,usr_iyjbjc1cqt,2025-02-01T15:21:04.527,settings_change,,ses_ui9oqaouyqcx,233415
evt_th4mvxqpb8xr,usr_iyjbjc1cqt,2025-03-13T03:49:30.378,notification_click,,ses_ui9oqaouyqcx,
evt_20p6o4jex039,usr_iyjbjc1cqt,2024-12-17T18:18:40.442,video_play,,ses_ui9oqaouyqcx,2353714
evt_4b97tsvfs588,usr_iyjbjc1cqt,2024-08-17T11:25:12.849,video_play,,ses_ui9oqaouyqcx,709669
evt_4vfeohonfxyp,usr_iyjbjc1cqt,2025-04-10T22:58:37.622,feature_click,homepage,ses_ui9oqaouyqcx,266922
evt_t38s896q7v1s,usr_iyjbjc1cqt,2025-02-12T23:36:07.729,notification_click,,ses_ui9oqaouyqcx,
evt_xn611b1asbjv,usr_iyjbjc1cqt,2024-11-05T08:48:32.717,checkout_complete,,ses_djb2skqkoxfa,90102
evt_q4n5t3hdxvse,usr_iyjbjc1cqt,2024-06-27T07:31:13.374,notification_click,,ses_djb2skqkoxfa,
evt_d9a4rp5jvq03,usr_iyjbjc1cqt,2025-02-25T20:22:29.253,feature_click,profile,ses_djb2skqkoxfa,123909
evt_c3nfbe9f7std,usr_iyjbjc1cqt,2024-06-12T06:31:37.133,video_play,,ses_djb2skqkoxfa,3501897
evt_vdmdsi8bvvav,usr_hwkhkokxbt,2025-01-08T02:11:45.989,checkout_complete,,ses_vzbp4b72cklu,31906
evt_8487n3ap9us0,usr_hwkhkokxbt,2025-01-03T11:21:47.924,checkout_start,,ses_vzbp4b72cklu,148927
evt_n0tfhgbg4ijm,usr_hwkhkokxbt,2025-03-04T01:07:04.144,content_share,,ses_vzbp4b72cklu,71128
evt_dpm0zqwvddu0,usr_hwkhkokxbt,2024-12-08T21:14:04.511,checkout_start,,ses_vzbp4b72cklu,9682
evt_z0aghwg89o33,usr_hwkhkokxbt,2025-02-04T03:48:36.182,search,,ses_71cltw9f4k11,57404
evt_5ynkhj22f8fl,usr_hwkhkokxbt,2025-05-11T03:09:55.349,search,,ses_71cltw9f4k11,210399
evt_kut2dlcg6loa,usr_hwkhkokxbt,2024-12-06T07:53:18.498,search,,ses_71cltw9f4k11,25835
evt_gdftngzl87xa,usr_hwkhkokxbt,2025-02-04T13:23:56.617,video_play,,ses_71cltw9f4k11,644546
evt_awbpz7uk9ulm,usr_hwkhkokxbt,2025-02-06T10:34:56.777,checkout_complete,,ses_0y04pk7g0tvo,35205
evt_prci3l6w6no5,usr_hwkhkokxbt,2025-02-12T09:09:47.048,profile_view,,ses_lbm8f2598ax6,32056
evt_c6do42bl29dq,usr_hwkhkokxbt,2024-12-06T22:30:27.827,settings_change,,ses_lbm8f2598ax6,282677
evt_3gg713kvdg2r,usr_hwkhkokxbt,2025-04-20T16:18:10.635,profile_view,,ses_lbm8f2598ax6,203026
evt_8zmli8t4lo4o,usr_rttslo594y,2024-09-02T17:05:28.700,checkout_start,,ses_xm0aqu5iwf4y,279533
evt_2p5mvah5mvk7,usr_rttslo594y,2024-10-19T05:17:44.625,video_play,,ses_xm0aqu5iwf4y,606584
evt_5mcsw1gy3del,usr_rttslo594y,2024-05-30T03:19:33.776,feature_click,search,ses_xm0aqu5iwf4y,178060
evt_wwpo97hlixcf,usr_rttslo594y,2025-05-13T09:48:45.056,profile_view,,ses_xm0aqu5iwf4y,192528
evt_gzjxiqzjku4z,usr_rttslo594y,2024-08-15T08:03:55.031,checkout_start,,ses_xm0aqu5iwf4y,284907
evt_4q2omya3d4n0,usr_rttslo594y,2025-01-11T16:14:52.113,search,,ses_xm0aqu5iwf4y,38307
evt_rxzuhcxfraka,usr_rttslo594y,2025-04-07T02:32:14.145,notification_click,,ses_xix3fxxd1kh6,
evt_mgy62u1id1en,usr_rttslo594y,2025-01-06T03:55:46.906,app_open,,ses_xix3fxxd1kh6,140881
evt_sb0m16d02551,usr_rttslo594y,2024-12-27T07:22:43.364,video_play,,ses_xix3fxxd1kh6,2854998
evt_2ewvw2ptgwa0,usr_rttslo594y,2023-08-11T17:26:46.681,video_play,,ses_xix3fxxd1kh6,436858
evt_tnatctn053ue,usr_rttslo594y,2023-12-18T08:15:04.931,settings_change,,ses_xix3fxxd1kh6,243080
evt_y3p4cgtlwyj5,usr_rttslo594y,2024-06-10T08:40:52.562,checkout_start,,ses_xix3fxxd1kh6,199014
evt_no45tvvb7e0o,usr_rttslo594y,2023-12-06T04:54:36.093,settings_change,,ses_xix3fxxd1kh6,53558
evt_bbn2sxx3lxf3,usr_rttslo594y,2025-01-31T19:28:37.742,app_open,,ses_xix3fxxd1kh6,2400332
evt_1emkr1acifno,usr_rttslo594y,2025-03-28T09:01:18.108,search,,ses_xix3fxxd1kh6,98133
evt_vdy8ok1npobq,usr_rttslo594y,2023-07-18T15:09:22.824,content_share,,ses_xix3fxxd1kh6,59273
evt_xd9cyfix8eqg,usr_rttslo594y,2023-08-08T23:43:51.917,content_share,,ses_s5z3dh1e8v4d,78682
evt_ze6skhsg5srd,usr_rttslo594y,2025-05-12T14:41:15.933,settings_change,,ses_s5z3dh1e8v4d,94654
evt_zt3dm8b4551v,usr_rttslo594y,2025-03-17T01:07:31.928,checkout_complete,,ses_acchupjirctd,15384
evt_nhbpxdygjcdc,usr_rttslo594y,2025-04-05T09:01:38.318,feature_click,feed,ses_acchupjirctd,201119
evt_dw6weyw9g66g,usr_rttslo594y,2025-01-31T11:54:28.662,checkout_start,,ses_acchupjirctd,269181
evt_ykxujsmo9kym,usr_rttslo594y,2023-10-17T11:07:23.761,notification_click,,ses_acchupjirctd,
evt_zcq4iybdf0n3,usr_rttslo594y,2025-03-14T14:01:41.255,checkout_start,,ses_acchupjirctd,56799
evt_vw0pfonv9dyw,usr_rttslo594y,2023-09-03T20:34:46.002,checkout_complete,,ses_acchupjirctd,197987
evt_h6dcjprl54z4,usr_rttslo594y,2025-02-16T17:53:52.469,search,,ses_acchupjirctd,129832
evt_x5v3led5odur,usr_rttslo594y,2024-04-27T22:45:38.383,search,,ses_acchupjirctd,14263
evt_oq50tg9ys64r,usr_rttslo594y,2023-07-12T15:37:32.989,checkout_complete,,ses_acchupjirctd,23254
evt_9h2icm9of0ja,usr_wx9y4ioowz,2024-07-24T01:00:07.510,search,,ses_7xv3ppsc4y8s,252132
evt_oz3vezrzi91e,usr_wx9y4ioowz,2025-01-24T06:18:43.060,profile_view,,ses_7xv3ppsc4y8s,16277
evt_idbpdrr0vqx0,usr_wx9y4ioowz,2024-09-26T04:22:01.717,notification_click,,ses_7xv3ppsc4y8s,
evt_wet0lyjn6vmz,usr_wx9y4ioowz,2023-05-21T21:53:08.150,settings_change,,ses_7xv3ppsc4y8s,7275
evt_zlol5erpii9o,usr_wx9y4ioowz,2024-06-24T01:11:52.617,content_share,,ses_7xv3ppsc4y8s,83870
evt_7kpp6qp4lfx9,usr_wx9y4ioowz,2025-03-23T16:14:32.476,feature_click,homepage,ses_7xv3ppsc4y8s,162605
evt_j5pqaowzw005,usr_wx9y4ioowz,2024-10-10T18:11:22.113,search,,ses_s0983r0epi5y,9827
evt_1ba5iu5omfc7,usr_wx9y4ioowz,2023-10-13T08:59:38.173,notification_click,,ses_ibtgdm7c3tyw,
evt_rtr61d0h0lgq,usr_wx9y4ioowz,2023-06-19T08:36:40.417,content_share,,ses_e0pwy56rlg16,70467
evt_4qmu8sxwi4en,usr_wx9y4ioowz,2025-02-02T16:15:42.645,checkout_complete,,ses_e0pwy56rlg16,222651
evt_8fzcdkzrliep,usr_wx9y4ioowz,2023-05-19T06:27:43.809,notification_click,,ses_e0pwy56rlg16,
evt_o22ghvw18iwa,usr_wx9y4ioowz,2024-06-03T00:31:05.980,checkout_start,,ses_e0pwy56rlg16,263679
evt_fw8g5dicg60o,usr_wx9y4ioowz,2024-06-27T07:34:17.945,settings_change,,ses_uo4wbuaq1u0g,9299
evt_mfyqrbz1tecd,usr_wx9y4ioowz,2023-07-17T05:14:28.533,notification_click,,ses_uo4wbuaq1u0g,
evt_c3f9e7yf0l4e,usr_wx9y4ioowz,2024-12-18T20:50:52.254,app_open,,ses_uo4wbuaq1u0g,1012083
evt_c7morgy45smy,usr_wx9y4ioowz,2023-11-26T10:40:33.752,video_play,,ses_nrudk6spzeu8,1077379
evt_3wn1ixtjp7kr,usr_wx9y4ioowz,2024-11-24T21:10:37.375,checkout_complete,,ses_nrudk6spzeu8,34492
evt_h48onb2at61n,usr_wx9y4ioowz,2024-12-07T18:33:16.878,notification_click,,ses_nrudk6spzeu8,
evt_lafds5c5ctsk,usr_wx9y4ioowz,2024-10-26T05:10:38.035,content_share,,ses_nrudk6spzeu8,138611
evt_9rz9l7dnvvw5,usr_wx9y4ioowz,2023-08-08T20:38:20.084,checkout_complete,,ses_nrudk6spzeu8,237255
evt_rvsewq2jd30n,usr_wx9y4ioowz,2023-09-25T01:32:36.991,video_play,,ses_nrudk6spzeu8,798246
evt_32issdon9ala,usr_wx9y4ioowz,2024-04-23T05:29:34.949,video_play,,ses_5ffr19lru666,132937
evt_dj1okkesavdp,usr_wx9y4ioowz,2025-01-26T23:17:19.654,notification_click,,ses_5ffr19lru666,
evt_k287z0b85oxs,usr_7v6jaoq2rz,2024-09-27T13:03:16.172,checkout_start,,ses_u52wqfute3j5,286380
evt_p276c6tiypol,usr_7v6jaoq2rz,2024-07-31T16:52:39.993,content_share,,ses_u52wqfute3j5,73148
evt_gcggs822vdzm,usr_7v6jaoq2rz,2024-11-30T05:41:09.497,content_share,,ses_u52wqfute3j5,125259
evt_bxq6v56mx3yg,usr_7v6jaoq2rz,2024-11-18T04:44:26.796,checkout_start,,ses_u52wqfute3j5,176907
evt_bgfbtcdhbode,usr_7v6jaoq2rz,2023-08-10T08:50:27.684,profile_view,,ses_u52wqfute3j5,69405
evt_ciw61pncvfx3,usr_7v6jaoq2rz,2023-09-06T19:59:17.551,settings_change,,ses_u52wqfute3j5,126340
evt_8oy7zhc0noih,usr_7v6jaoq2rz,2025-01-12T02:53:02.389,notification_click,,ses_vwbsptnt09i9,
evt_q4tm2eplgyjy,usr_7v6jaoq2rz,2024-03-13T14:08:51.990,content_share,,ses_vwbsptnt09i9,90716
evt_dnfbadhjs7tp,usr_7v6jaoq2rz,2024-12-31T22:49:01.549,video_play,,ses_vwbsptnt09i9,3513907
evt_oqdpmu9th1jw,usr_2jidxxk1wd,2024-10-28T22:53:30.330,content_share,,ses_bi8aicsmdp2f,11979
evt_zikb72t0ccp8,usr_2jidxxk1wd,2025-04-07T05:19:41.816,profile_view,,ses_bi8aicsmdp2f,124806
evt_dick9mvoww5k,usr_2jidxxk1wd,2024-12-10T12:12:11.535,settings_change,,ses_bi8aicsmdp2f,141945
evt_zdssz8n4u7i6,usr_2jidxxk1wd,2024-11-03T00:36:00.429,video_play,,ses_bi8aicsmdp2f,1166931
evt_ehtdr6t3vpvt,usr_2jidxxk1wd,2024-09-26T17:50:34.220,checkout_complete,,ses_bi8aicsmdp2f,41407
evt_qj2dkt47junh,usr_2jidxxk1wd,2025-03-08T19:20:15.934,settings_change,,ses_bi8aicsmdp2f,230135
evt_388m0nt4vsv3,usr_2jidxxk1wd,2025-04-07T21:28:29.945,settings_change,,ses_cjl85iqtmzl6,167532
evt_yvuvetb2hwc5,usr_2jidxxk1wd,2024-10-19T09:44:47.074,search,,ses_cjl85iqtmzl6,195716
evt_7w5ajqfldg51,usr_2jidxxk1wd,2024-08-13T15:46:34.687,feature_click,profile,ses_oto368a988ih,132457
evt_hk0wasrqma2v,usr_2jidxxk1wd,2024-12-29T06:41:55.546,search,,ses_oto368a988ih,127637
evt_b98msbgp95zc,usr_2jidxxk1wd,2024-10-10T11:17:54.059,checkout_complete,,ses_oto368a988ih,136383
evt_xqjv4f9qjos9,usr_2jidxxk1wd,2025-05-13T08:38:28.994,search,,ses_oto368a988ih,185805
evt_s5mqolh1dvuu,usr_2jidxxk1wd,2024-08-01T23:57:53.810,checkout_complete,,ses_oto368a988ih,220829
evt_b9lmmanmb5rp,usr_2jidxxk1wd,2024-11-26T21:16:31.682,app_open,,ses_oto368a988ih,1824890
evt_8vauptwgkukc,usr_2jidxxk1wd,2024-12-06T05:59:49.132,settings_change,,ses_oto368a988ih,277322
evt_l03sp3mqt6fe,usr_2jidxxk1wd,2025-04-27T13:09:13.200,checkout_complete,,ses_1hs91pms27jd,237071
evt_4djjalsn8p4p,usr_2jidxxk1wd,2025-03-17T07:06:43.053,feature_click,homepage,ses_vs8awigrta7j,64098
evt_efryngik2u5y,usr_2jidxxk1wd,2025-01-29T04:12:45.856,video_play,,ses_vs8awigrta7j,2364439
evt_gmo4cd8zjzxu,usr_2jidxxk1wd,2025-02-23T21:10:11.687,feature_click,profile,ses_vs8awigrta7j,230474
evt_ehyb9fl77ai8,usr_3n4yzodn8w,2025-04-15T11:07:09.823,video_play,,ses_tpuwq5qmyn7v,1536507
evt_ffrqsxbjl66x,usr_3n4yzodn8w,2024-11-18T12:26:45.291,profile_view,,ses_tpuwq5qmyn7v,261034
evt_e8w4ckwc0fbk,usr_3n4yzodn8w,2025-04-22T16:53:08.911,app_open,,ses_tpuwq5qmyn7v,1523977
evt_8xyj3vxd8woz,usr_3n4yzodn8w,2024-08-16T19:13:59.089,settings_change,,ses_oxb30hai36sn,284503
evt_21nup2i0hqcz,usr_3n4yzodn8w,2025-03-22T23:51:19.738,content_share,,ses_oxb30hai36sn,201902
evt_1n4brxu5ldqi,usr_3n4yzodn8w,2025-01-19T12:35:18.340,video_play,,ses_oxb30hai36sn,3243404
evt_qi1at64165c3,usr_3n4yzodn8w,2024-07-23T00:18:19.294,app_open,,ses_oxb30hai36sn,528835
evt_keefds53m29a,usr_3n4yzodn8w,2025-03-14T01:10:03.014,notification_click,,ses_oxb30hai36sn,
evt_ziurn9vmv9kn,usr_3n4yzodn8w,2024-12-06T19:51:37.456,app_open,,ses_mpi7gz1axj07,3443526
evt_ab9grmiagsaq,usr_3n4yzodn8w,2025-05-04T02:07:42.114,settings_change,,ses_mpi7gz1axj07,189073
evt_n15mjw1bxzcv,usr_3n4yzodn8w,2024-07-21T23:10:26.332,search,,ses_mpi7gz1axj07,179415
evt_qust8tvzet0r,usr_3n4yzodn8w,2024-08-28T03:12:44.798,video_play,,ses_mpi7gz1axj07,2367761
evt_zxl1e02g63oa,usr_3n4yzodn8w,2025-03-13T06:38:12.560,app_open,,ses_mpi7gz1axj07,1936425
evt_u7s3sm780rye,usr_3n4yzodn8w,2024-08-27T07:37:21.014,app_open,,ses_mpi7gz1axj07,1812488
evt_42p1xvjatgol,usr_3n4yzodn8w,2024-07-13T21:26:37.262,checkout_start,,ses_mpi7gz1axj07,149456
evt_6igrlarpwl2f,usr_3n4yzodn8w,2024-08-14T14:47:48.478,notification_click,,ses_tpb4m95ysy7y,
evt_tterdaqrmvgq,usr_3n4yzodn8w,2024-11-29T04:01:24.565,notification_click,,ses_tpb4m95ysy7y,
evt_vkamuylbwimt,usr_3n4yzodn8w,2025-01-01T17:53:46.143,checkout_start,,ses_tpb4m95ysy7y,268335
evt_8sprilptqh46,usr_3n4yzodn8w,2024-07-27T06:12:16.099,video_play,,ses_tpb4m95ysy7y,3052660
evt_ev0susy1xtqk,usr_3n4yzodn8w,2024-12-06T11:20:43.215,notification_click,,ses_tpb4m95ysy7y,
evt_ptqd1li3ijjb,usr_3n4yzodn8w,2025-01-28T02:34:55.828,settings_change,,ses_wv6benlpwr75,114717
evt_3infccvr39eb,usr_3n4yzodn8w,2024-09-01T13:49:28.547,settings_change,,ses_w1xew5rqa6gl,36230
evt_1iq57dddprht,usr_3n4yzodn8w,2024-07-19T01:50:42.229,checkout_complete,,ses_w1xew5rqa6gl,297215
evt_ynsgnok20yvj,usr_3n4yzodn8w,2025-04-03T13:56:15.236,app_open,,ses_w1xew5rqa6gl,905195
evt_t5wb3euy4bki,usr_3n4yzodn8w,2024-07-15T07:14:39.783,search,,ses_01ijrncaui3m,259947
evt_7egbuwpkdk5l,usr_3n4yzodn8w,2025-01-12T00:53:12.481,profile_view,,ses_01ijrncaui3m,65812
evt_jwu3wu2pph8a,usr_3n4yzodn8w,2024-07-18T08:37:01.239,checkout_complete,,ses_01ijrncaui3m,34042
evt_194s5t8uqldy,usr_3n4yzodn8w,2025-04-25T06:13:30.686,search,,ses_g36ibormypoh,116715
evt_lb6j3gpo4uen,usr_3n4yzodn8w,2024-09-15T13:13:02.446,notification_click,,ses_g36ibormypoh,
evt_wx72y5cgvv94,usr_3n4yzodn8w,2025-03-14T17:48:22.283,video_play,,ses_g36ibormypoh,865772
evt_aqtquve0fdfw,usr_3n4yzodn8w,2025-03-14T21:45:57.211,profile_view,,ses_xgemv318stgm,114133
evt_bsodv751uwfl,usr_3n4yzodn8w,2024-11-04T16:53:16.192,app_open,,ses_xgemv318stgm,522537
evt_524ejozkrdif,usr_3n4yzodn8w,2024-06-05T05:25:10.669,settings_change,,ses_xgemv318stgm,119462
evt_e64omn8mcjaf,usr_3n4yzodn8w,2025-02-24T05:52:08.883,notification_click,,ses_xgemv318stgm,
evt_6tdsaf63rww8,usr_3n4yzodn8w,2025-03-05T03:56:51.990,notification_click,,ses_xgemv318stgm,
evt_itmulqyuo50r,usr_3n4yzodn8w,2024-08-03T07:47:24.892,feature_click,profile,ses_2vr7xmlm0kic,88516
evt_se11msikzs4a,usr_3n4yzodn8w,2024-07-15T22:42:43.707,checkout_complete,,ses_2vr7xmlm0kic,237525
evt_7npswo48q0vn,usr_tm5iw6ntnx,2024-12-08T10:56:10.950,settings_change,,ses_bk1fgaua3ye2,23326
evt_w9hv0gn1642y,usr_tm5iw6ntnx,2025-02-19T13:40:54.296,search,,ses_bk1fgaua3ye2,248035
evt_3dq068exnnub,usr_tm5iw6ntnx,2024-04-15T08:18:06.403,video_play,,ses_bk1fgaua3ye2,1311360
evt_c1mygnqqcs75,usr_tm5iw6ntnx,2024-10-16T15:20:06.426,settings_change,,ses_833vsbswi5a1,294781
evt_kusqwumbuoae,usr_tm5iw6ntnx,2024-11-21T11:58:11.940,checkout_complete,,ses_833vsbswi5a1,71089
evt_8cw0v75bdy6p,usr_1et55yhjqp,2025-01-27T21:41:31.063,checkout_start,,ses_gqc1ghz083fm,191739
evt_wjet1f21z9pl,usr_1et55yhjqp,2024-12-04T02:53:10.503,app_open,,ses_gqc1ghz083fm,1551842
evt_ql146c3lxwng,usr_1et55yhjqp,2025-02-27T08:24:21.037,video_play,,ses_gqc1ghz083fm,2284861
evt_k3ow6eatrvgv,usr_1et55yhjqp,2025-03-02T02:25:05.666,feature_click,notifications,ses_gqc1ghz083fm,203095
evt_qhl01i490c0x,usr_1et55yhjqp,2024-11-13T00:16:44.937,notification_click,,ses_gqc1ghz083fm,
evt_x9git9at7ebs,usr_1et55yhjqp,2025-04-06T04:09:26.073,checkout_complete,,ses_zbdu87zcwtdo,74112
evt_ditwwbeuxfs5,usr_1et55yhjqp,2024-10-13T19:14:47.410,content_share,,ses_zbdu87zcwtdo,11045
evt_mvq8ljte6coy,usr_1et55yhjqp,2024-10-31T05:56:31.159,notification_click,,ses_zbdu87zcwtdo,
evt_psw35y7l962x,usr_1et55yhjqp,2025-04-17T00:50:54.707,video_play,,ses_0chuswe9h0qo,1743136
evt_tdhc9egclwxi,usr_1et55yhjqp,2025-02-11T15:55:13.648,profile_view,,ses_0chuswe9h0qo,73684
evt_v8563by3gelr,usr_1et55yhjqp,2025-03-18T21:57:32.972,settings_change,,ses_0chuswe9h0qo,236634
evt_1fop0rwffl2o,usr_1et55yhjqp,2024-10-30T23:35:36.977,settings_change,,ses_0chuswe9h0qo,223679
evt_waiwo70qoigd,usr_1et55yhjqp,2025-01-16T23:07:21.637,checkout_complete,,ses_iej02guaaplk,111480
evt_sthlycg25uue,usr_1et55yhjqp,2024-10-08T01:33:49.627,content_share,,ses_iej02guaaplk,54493
evt_nmr7pcm56pkx,usr_1et55yhjqp,2024-07-30T21:20:05.466,feature_click,search,ses_iej02guaaplk,92494
evt_kxvgpf5v2fr7,usr_1et55yhjqp,2024-09-28T00:55:12.851,checkout_complete,,ses_iej02guaaplk,259380
evt_ulifpq6vkzjd,usr_1et55yhjqp,2025-05-10T06:43:05.219,search,,ses_iej02guaaplk,206197
evt_a09kmha07ds5,usr_1et55yhjqp,2025-03-14T09:05:17.836,app_open,,ses_iej02guaaplk,420288
evt_vxaocwuyr24i,usr_1et55yhjqp,2024-12-11T01:53:41.922,video_play,,ses_iej02guaaplk,2670460
evt_6tkuxz7jv3id,usr_1et55yhjqp,2025-04-15T12:52:14.400,app_open,,ses_iej02guaaplk,542720
evt_kdm8yqxu288k,usr_1et55yhjqp,2024-08-20T19:39:43.131,checkout_complete,,ses_iej02guaaplk,165143
evt_futzfmbvcs91,usr_1et55yhjqp,2025-04-09T02:35:00.537,feature_click,checkout,ses_iej02guaaplk,17020
evt_c6aeuhfp1gi7,usr_1et55yhjqp,2024-09-21T04:09:46.827,settings_change,,ses_iej02guaaplk,223512
evt_fcivl1h8qb7k,usr_1et55yhjqp,2024-09-21T13:40:53.870,profile_view,,ses_iej02guaaplk,120345
evt_wrh4mgzcspkm,usr_1et55yhjqp,2025-03-12T21:16:56.699,video_play,,ses_h3fcz4wjn4ie,2490536
evt_x57l6rikk5pb,usr_1et55yhjqp,2024-08-29T01:03:54.311,video_play,,ses_h3fcz4wjn4ie,276204
evt_ao4kbz46s09q,usr_1et55yhjqp,2025-05-13T20:41:24.902,profile_view,,ses_h3fcz4wjn4ie,282355
evt_k5fbyvglwnrh,usr_1et55yhjqp,2025-03-19T08:38:22.718,settings_change,,ses_h3fcz4wjn4ie,162797
evt_bj4d7dbwy8s7,usr_1et55yhjqp,2024-11-11T17:06:38.639,content_share,,ses_h3fcz4wjn4ie,14064
evt_5bimx89x1900,usr_1et55yhjqp,2024-12-14T06:50:33.131,notification_click,,ses_h3fcz4wjn4ie,
evt_kbr88foxic8w,usr_1et55yhjqp,2024-09-25T03:24:22.628,checkout_complete,,ses_h3fcz4wjn4ie,26268
evt_3vunei47alws,usr_1et55yhjqp,2024-07-20T03:52:43.467,search,,ses_h3fcz4wjn4ie,147133
evt_pt7bpbtn7vud,usr_1et55yhjqp,2025-04-24T05:23:55.368,settings_change,,ses_b9jgy32x7bw9,7020
evt_epv5wpuv55oq,usr_1et55yhjqp,2025-03-21T12:27:38.362,search,,ses_b9jgy32x7bw9,28703
evt_zh85g084utpj,usr_1et55yhjqp,2025-03-19T09:10:18.037,feature_click,homepage,ses_b9jgy32x7bw9,115186
evt_czjq549qsllw,usr_1et55yhjqp,2025-02-23T05:53:12.775,search,,ses_b9jgy32x7bw9,73859
evt_q8vrfm7tocp5,usr_1et55yhjqp,2025-01-11T05:34:12.234,content_share,,ses_b9jgy32x7bw9,204690
evt_p5b3ei94o10t,usr_1et55yhjqp,2025-01-23T12:22:17.943,video_play,,ses_b9jgy32x7bw9,2501726
evt_5rlhh2gz1o0z,usr_wzqdni4k0g,2024-04-10T19:20:35.945,app_open,,ses_6u2w6jmg7315,732924
evt_5m5lpqgkogrg,usr_wzqdni4k0g,2025-03-05T12:02:46.237,settings_change,,ses_6u2w6jmg7315,100993
evt_ta4wyt34lztb,usr_wzqdni4k0g,2024-05-16T07:37:55.416,checkout_complete,,ses_6u2w6jmg7315,55417
evt_qsy232r9qjxn,usr_wzqdni4k0g,2025-02-16T09:53:02.957,feature_click,help_center,ses_6u2w6jmg7315,278527
evt_9q2tpygock27,usr_wzqdni4k0g,2024-04-03T16:13:22.469,search,,ses_jri0h5pc6ryj,135915
evt_1bvlcknirr2b,usr_wzqdni4k0g,2025-04-05T06:08:43.240,app_open,,ses_jri0h5pc6ryj,2227339
evt_v1l5cli5c0vq,usr_wzqdni4k0g,2024-10-27T15:27:11.895,content_share,,ses_jri0h5pc6ryj,266119
evt_h0rbwb00fag6,usr_wzqdni4k0g,2024-06-19T01:48:44.057,feature_click,feed,ses_jri0h5pc6ryj,108415
evt_57la8rozw06f,usr_wzqdni4k0g,2024-12-23T03:34:22.157,settings_change,,ses_jri0h5pc6ryj,9479
evt_hz57ssgzr2ca,usr_wzqdni4k0g,2024-10-13T05:33:44.762,notification_click,,ses_jri0h5pc6ryj,
evt_53xkyznathhy,usr_wzqdni4k0g,2024-07-27T03:14:57.494,checkout_complete,,ses_jri0h5pc6ryj,221073
evt_cx9u4no26u9s,usr_wzqdni4k0g,2024-09-06T23:09:14.135,search,,ses_jri0h5pc6ryj,101361
evt_bomngpgev1qk,usr_wzqdni4k0g,2025-01-14T07:57:24.663,content_share,,ses_jri0h5pc6ryj,41805
evt_b0tjlgkh9e5d,usr_wzqdni4k0g,2024-07-04T16:58:31.091,video_play,,ses_jri0h5pc6ryj,3209351
evt_bw463l1us5xt,usr_wzqdni4k0g,2024-08-31T04:52:10.742,feature_click,notifications,ses_jri0h5pc6ryj,118451
evt_a7ymebr1y5yf,usr_wzqdni4k0g,2024-07-09T23:12:15.129,feature_click,notifications,ses_jri0h5pc6ryj,39954
evt_2pfj97d8n9gx,usr_wzqdni4k0g,2024-08-05T17:54:16.387,notification_click,,ses_prcn08z3oqv7,
evt_h67svw9grz3a,usr_wzqdni4k0g,2023-12-10T06:04:51.667,checkout_start,,ses_prcn08z3oqv7,57985
evt_d89f2mzkzhwx,usr_wzqdni4k0g,2024-03-07T16:46:33.317,search,,ses_prcn08z3oqv7,100855
evt_771g5p18ltw7,usr_wzqdni4k0g,2025-02-28T11:39:28.526,app_open,,ses_prcn08z3oqv7,3529055
evt_o54ieno3r109,usr_wzqdni4k0g,2025-05-12T12:55:31.577,settings_change,,ses_prcn08z3oqv7,14348
evt_mxkrgidis3j8,usr_wzqdni4k0g,2025-05-11T21:15:24.847,checkout_complete,,ses_prcn08z3oqv7,217931
evt_m52bakyhric8,usr_wzqdni4k0g,2025-04-15T01:37:44.970,checkout_start,,ses_prcn08z3oqv7,66717
evt_b2mzw21m3mte,usr_wzqdni4k0g,2025-03-05T14:30:29.366,checkout_start,,ses_prcn08z3oqv7,249885
evt_fqlwkkzou9a2,usr_wzqdni4k0g,2025-01-04T00:09:55.239,profile_view,,ses_prcn08z3oqv7,229044
evt_vvy07rggpkzf,usr_wzqdni4k0g,2024-09-29T00:13:07.955,checkout_complete,,ses_prcn08z3oqv7,89996
evt_mx8fdubu2ymh,usr_wzqdni4k0g,2025-04-12T12:53:43.043,settings_change,,ses_prcn08z3oqv7,7159
evt_5xx6y1iws9em,usr_wzqdni4k0g,2024-03-30T12:01:01.300,checkout_complete,,ses_prcn08z3oqv7,230587
evt_33up4mud3rhu,usr_8im99t8if4,2024-05-22T19:25:28.628,checkout_start,,ses_rhulq87vfpk7,275706
evt_dp8b94bda561,usr_8im99t8if4,2024-06-30T21:54:18.566,content_share,,ses_rhulq87vfpk7,178736
evt_olw4gf6au9m7,usr_8im99t8if4,2025-02-16T17:34:32.489,video_play,,ses_rhulq87vfpk7,2835282
evt_qkefi7tcvuiw,usr_8im99t8if4,2024-10-14T16:26:09.575,content_share,,ses_7fqddrqsf8z3,241771
evt_85ddaw3v6n4n,usr_8im99t8if4,2025-02-15T00:15:58.200,checkout_complete,,ses_7fqddrqsf8z3,208807
evt_jbj8gh8hryf5,usr_8im99t8if4,2024-07-21T14:35:55.154,feature_click,video_player,ses_7fqddrqsf8z3,161937
evt_9j1qqerbo9dl,usr_8im99t8if4,2024-10-27T14:03:59.708,app_open,,ses_dq7jhwxhssn0,94795
evt_pdeiehtoccr1,usr_8im99t8if4,2024-07-24T21:54:53.914,checkout_complete,,ses_dq7jhwxhssn0,158661
evt_uwu6vap27pqz,usr_3le7bcxrn9,2025-01-17T10:07:20.106,feature_click,help_center,ses_lmwlhygh2krw,188148
evt_dbl3kv8k159u,usr_3le7bcxrn9,2025-03-01T07:00:27.917,profile_view,,ses_lmwlhygh2krw,124950
evt_d9d9hs41s4sy,usr_3le7bcxrn9,2024-12-19T07:30:43.603,notification_click,,ses_lmwlhygh2krw,
evt_n9001ht2rhr8,usr_3le7bcxrn9,2024-10-21T17:30:13.979,content_share,,ses_lmwlhygh2krw,291394
evt_ejulj6j9ggku,usr_3le7bcxrn9,2024-10-05T05:28:24.235,app_open,,ses_lmwlhygh2krw,3532439
evt_ti5v47xttcqy,usr_3le7bcxrn9,2025-05-14T20:32:01.180,notification_click,,ses_lmwlhygh2krw,
evt_ojktlksydsyk,usr_3le7bcxrn9,2024-07-20T01:32:37.354,search,,ses_b0fpu3s7hulp,64158
evt_sd4fec5gnbsi,usr_3le7bcxrn9,2025-01-07T13:30:00.646,app_open,,ses_b0fpu3s7hulp,2973881
evt_156n2avwxrnt,usr_berdloezd9,2025-01-04T16:27:15.086,notification_click,,ses_5bdv34fa8s2d,
evt_a9qkqwq1bvti,usr_berdloezd9,2025-05-03T08:55:41.356,checkout_complete,,ses_5bdv34fa8s2d,213454
evt_oqexkkzcatlj,usr_berdloezd9,2025-01-09T13:17:30.687,feature_click,help_center,ses_5bdv34fa8s2d,10752
evt_j92jwvuboe8p,usr_berdloezd9,2025-02-05T02:31:35.921,checkout_start,,ses_ti0fesk7guaj,173207
evt_aesgwugs55d5,usr_berdloezd9,2025-03-27T11:34:39.241,profile_view,,ses_ti0fesk7guaj,225169
evt_7w80r9bim4rr,usr_berdloezd9,2025-04-20T16:22:10.162,checkout_complete,,ses_at8fi1obvbe4,7207
evt_bt8fje2tvm6o,usr_berdloezd9,2025-03-28T14:27:41.081,notification_click,,ses_at8fi1obvbe4,
evt_pcgqf21difwf,usr_berdloezd9,2025-03-21T05:34:05.862,checkout_start,,ses_at8fi1obvbe4,246336
evt_xv8jqd0l9d0i,usr_berdloezd9,2025-03-11T12:12:29.665,video_play,,ses_at8fi1obvbe4,193557
evt_2qzpr5nhgmsg,usr_4gsnondvwr,2025-04-19T11:30:10.458,profile_view,,ses_cjj2afsy36k5,42881
evt_38wd67f8nvxd,usr_4gsnondvwr,2024-10-20T10:33:42.282,settings_change,,ses_cjj2afsy36k5,217348
evt_sv77l5tddmvg,usr_4gsnondvwr,2024-12-09T21:47:28.438,checkout_start,,ses_cjj2afsy36k5,178531
evt_2egwqjlupjny,usr_4gsnondvwr,2025-04-19T07:09:11.545,content_share,,ses_hx2fo7q5st71,135920
evt_5efuxko89w9h,usr_4gsnondvwr,2024-11-03T02:00:36.708,notification_click,,ses_hx2fo7q5st71,
evt_tpuzj15s6gt4,usr_4gsnondvwr,2024-11-08T05:20:31.590,checkout_start,,ses_hx2fo7q5st71,223299
evt_sc8b7tebxo5p,usr_4gsnondvwr,2025-04-13T12:33:42.629,content_share,,ses_jrw358rfsp8h,184209
evt_090jolcy8rha,usr_4gsnondvwr,2024-12-19T12:52:02.272,checkout_start,,ses_jrw358rfsp8h,111984
evt_63aw16is5vc0,usr_4gsnondvwr,2025-02-06T22:16:02.302,app_open,,ses_jrw358rfsp8h,265652
evt_kpmrjhfbjb29,usr_4gsnondvwr,2025-03-08T23:25:26.549,profile_view,,ses_jrw358rfsp8h,17472
evt_uj52v0gzv86e,usr_4gsnondvwr,2024-11-26T20:25:18.343,settings_change,,ses_jrw358rfsp8h,68862
evt_y6uexp56j0fq,usr_4gsnondvwr,2024-10-26T20:20:15.687,checkout_start,,ses_jrw358rfsp8h,55454
evt_v1qiucp0dsaw,usr_4gsnondvwr,2025-02-25T13:09:52.689,notification_click,,ses_jrw358rfsp8h,
evt_nvcc9nnzfhp1,usr_4gsnondvwr,2025-02-17T09:30:47.837,app_open,,ses_jrw358rfsp8h,1259531
evt_98g8gyhl6303,usr_4gsnondvwr,2025-01-28T14:32:46.273,settings_change,,ses_jrw358rfsp8h,53080
evt_i5y6g3rswc4d,usr_4gsnondvwr,2024-11-20T10:37:14.535,checkout_complete,,ses_jrw358rfsp8h,181202
evt_4kqyg0z4yms4,usr_4gsnondvwr,2024-11-06T13:06:17.604,notification_click,,ses_jrw358rfsp8h,
evt_uno3l2nwq0p0,usr_rbyp8yfefk,2023-09-27T13:48:47.511,checkout_complete,,ses_7to4bk9rkrh3,15643
evt_kakmz1e7wcsr,usr_rbyp8yfefk,2024-09-27T06:45:37.392,checkout_complete,,ses_7to4bk9rkrh3,265874
evt_qzt2jbu9305s,usr_rbyp8yfefk,2024-12-18T22:27:32.248,checkout_start,,ses_7to4bk9rkrh3,27138
evt_vnejwjolbkir,usr_rbyp8yfefk,2024-09-08T18:35:48.122,search,,ses_6vldli2hpdyy,171765
evt_klz8mhp55hh6,usr_rbyp8yfefk,2024-03-05T14:13:50.528,notification_click,,ses_6vldli2hpdyy,
evt_o5h4zzvj8tml,usr_rbyp8yfefk,2024-02-15T17:16:21.126,checkout_complete,,ses_6vldli2hpdyy,108126
evt_2xr8ut95vp7y,usr_rbyp8yfefk,2024-04-13T10:35:13.229,notification_click,,ses_6vldli2hpdyy,
evt_gcocq2repka9,usr_rbyp8yfefk,2024-03-10T07:17:05.462,checkout_complete,,ses_6vldli2hpdyy,148782
evt_qawv41peu3f5,usr_rbyp8yfefk,2024-05-26T05:48:09.483,content_share,,ses_9ubuz4knwbb0,108658
evt_f9ri916yeifh,usr_rbyp8yfefk,2024-05-16T17:33:55.154,content_share,,ses_9ubuz4knwbb0,122488
evt_ub1txl146y96,usr_rbyp8yfefk,2024-02-18T09:33:19.847,content_share,,ses_9ubuz4knwbb0,230199
evt_hkqogzoq83uv,usr_rbyp8yfefk,2023-10-23T21:47:39.540,search,,ses_9ubuz4knwbb0,100388
evt_undfmzzywi43,usr_rbyp8yfefk,2023-11-12T18:31:11.447,notification_click,,ses_0ovsvi0e5h3g,
evt_jtj0fk7r674v,usr_rbyp8yfefk,2024-11-23T10:52:23.987,video_play,,ses_0ovsvi0e5h3g,769512
evt_grdw6606syu9,usr_rbyp8yfefk,2024-07-14T14:11:46.648,checkout_complete,,ses_0ovsvi0e5h3g,90090
evt_2n6gx640kkpi,usr_rbyp8yfefk,2023-09-23T05:58:59.642,app_open,,ses_0ovsvi0e5h3g,364675
evt_4elcd397hhei,usr_rbyp8yfefk,2023-08-17T22:12:35.806,settings_change,,ses_0ovsvi0e5h3g,11814
evt_1ekj18nui6i8,usr_rbyp8yfefk,2024-03-03T15:15:26.711,content_share,,ses_0ovsvi0e5h3g,72566
evt_ysms7omgzj1u,usr_rbyp8yfefk,2024-07-22T19:49:50.616,checkout_complete,,ses_8un4s27auqjy,258692
evt_et3yg0u9s97b,usr_rbyp8yfefk,2024-02-18T05:39:48.101,profile_view,,ses_8un4s27auqjy,175943
evt_llxo1evbqi1r,usr_rbyp8yfefk,2024-04-21T08:25:24.497,checkout_complete,,ses_8un4s27auqjy,157200
evt_mhdbo9j9bi9h,usr_rbyp8yfefk,2023-11-18T18:42:54.557,checkout_complete,,ses_8un4s27auqjy,222257
evt_0krp85l38m21,usr_rbyp8yfefk,2023-07-01T07:39:11.952,video_play,,ses_8un4s27auqjy,374355
evt_h3p00i6hkvy6,usr_rbyp8yfefk,2025-01-25T00:35:35.882,video_play,,ses_8un4s27auqjy,897546
evt_6e1ss3giz94p,usr_rbyp8yfefk,2025-05-04T23:02:35.533,notification_click,,ses_ymz2fgjcvtgk,
evt_8ec2zl06anu2,usr_rbyp8yfefk,2024-06-28T23:34:11.726,settings_change,,ses_ymz2fgjcvtgk,128022
evt_x9qvofi426x6,usr_rbyp8yfefk,2024-02-26T19:50:24.873,checkout_complete,,ses_ymz2fgjcvtgk,62779
evt_8xamlhvjh3eo,usr_rbyp8yfefk,2023-10-21T21:24:23.836,settings_change,,ses_ymz2fgjcvtgk,189777
evt_1hlbemsmwjos,usr_rbyp8yfefk,2024-09-21T04:49:18.533,profile_view,,ses_ymz2fgjcvtgk,116373
evt_zs0rftzzy42f,usr_rbyp8yfefk,2023-10-06T16:27:19.105,content_share,,ses_ymz2fgjcvtgk,26147
evt_2d36cds9hzip,usr_rbyp8yfefk,2024-01-26T00:44:23.190,checkout_start,,ses_ymz2fgjcvtgk,90806
evt_4p1wfy8qb2zd,usr_rbyp8yfefk,2023-07-23T20:27:32.556,checkout_complete,,ses_ymz2fgjcvtgk,144251
evt_jinrz5zt64iq,usr_rbyp8yfefk,2024-04-22T02:24:36.585,settings_change,,ses_ymz2fgjcvtgk,296108
evt_2rv32w9fd7lh,usr_rbyp8yfefk,2024-11-07T04:54:45.672,video_play,,ses_ymz2fgjcvtgk,571153
evt_hsw7hoj9gjl8,usr_rbyp8yfefk,2023-12-13T21:55:39.117,app_open,,ses_ymz2fgjcvtgk,1063788
evt_g2n8senu76we,usr_rbyp8yfefk,2024-09-24T02:07:18.335,profile_view,,ses_ymz2fgjcvtgk,146183
evt_jjb20opkjzgx,usr_rbyp8yfefk,2025-03-10T15:35:14.173,notification_click,,ses_br1d1y1do5d4,
evt_t8vzol8lgozx,usr_rbyp8yfefk,2024-09-17T05:45:25.514,video_play,,ses_br1d1y1do5d4,3523531
evt_ni1ela01o495,usr_ahw8yawyrh,2023-09-06T09:07:26.828,checkout_start,,ses_v7bzjdaxzq3n,82484
evt_u5rm4kjeg8s5,usr_ahw8yawyrh,2023-06-25T18:02:50.681,feature_click,feed,ses_v7bzjdaxzq3n,43065
evt_9fgdy5g9z6w5,usr_ahw8yawyrh,2024-12-20T02:38:32.083,feature_click,messages,ses_v7bzjdaxzq3n,21423
evt_gw2zxiabxtst,usr_ahw8yawyrh,2024-08-11T13:36:43.234,feature_click,messages,ses_v7bzjdaxzq3n,135733
evt_k5yfh6jpvlo9,usr_ahw8yawyrh,2023-12-19T06:29:18.177,checkout_start,,ses_v7bzjdaxzq3n,1584
evt_3uk3jq6xkip6,usr_ahw8yawyrh,2024-04-06T19:28:22.396,app_open,,ses_v7bzjdaxzq3n,2079376
evt_3flqc2etq1z7,usr_ahw8yawyrh,2024-01-18T13:21:45.916,notification_click,,ses_v7bzjdaxzq3n,
evt_c7jkzmmb8q1b,usr_ahw8yawyrh,2023-10-16T21:31:18.041,checkout_start,,ses_v7bzjdaxzq3n,90680
evt_vz35v6nv1hx0,usr_ahw8yawyrh,2024-03-30T08:34:21.726,video_play,,ses_v7bzjdaxzq3n,3474769
evt_omqx07yowcb8,usr_ahw8yawyrh,2024-12-22T01:09:45.138,settings_change,,ses_v7bzjdaxzq3n,270501
evt_f99oiela14fj,usr_ahw8yawyrh,2025-04-13T23:30:33.495,checkout_start,,ses_v7bzjdaxzq3n,117306
evt_rp418v3waj6b,usr_ahw8yawyrh,2024-08-01T16:12:58.833,feature_click,checkout,ses_v7bzjdaxzq3n,39155
evt_22vv05vtuhpr,usr_ahw8yawyrh,2023-12-10T09:59:52.489,search,,ses_tajzd1wpytli,42035
evt_bxdompq4kif5,usr_ahw8yawyrh,2023-09-09T07:18:08.854,app_open,,ses_tajzd1wpytli,2598665
evt_i09ocg5otj65,usr_ahw8yawyrh,2025-01-31T05:30:15.582,settings_change,,ses_tajzd1wpytli,97018
evt_ft8lzw7ula1n,usr_ahw8yawyrh,2023-09-07T18:09:21.006,app_open,,ses_tajzd1wpytli,3279630
evt_9ygemrx3i77p,usr_ahw8yawyrh,2023-12-18T12:47:29.184,search,,ses_tajzd1wpytli,14410
evt_c6fa1953hdrq,usr_ahw8yawyrh,2023-07-13T04:05:14.860,search,,ses_tajzd1wpytli,139477
evt_isrdhtt5zsv4,usr_ahw8yawyrh,2024-08-04T01:34:33.598,notification_click,,ses_hp89z60vnmyi,
evt_l4s4krem1zdp,usr_ahw8yawyrh,2024-06-15T08:24:09.230,profile_view,,ses_hp89z60vnmyi,223414
evt_g4ezcdpbx0e3,usr_ahw8yawyrh,2025-01-22T02:07:44.392,profile_view,,ses_hp89z60vnmyi,232846
evt_wf8ubwsz55u9,usr_ahw8yawyrh,2025-05-12T08:06:10.768,checkout_complete,,ses_hp89z60vnmyi,52082
evt_a0s9ww7c4up0,usr_ahw8yawyrh,2024-05-17T08:12:26.685,content_share,,ses_hp89z60vnmyi,108611
evt_7gku6ok5823l,usr_ahw8yawyrh,2023-07-17T15:06:45.277,feature_click,profile,ses_hp89z60vnmyi,40124
evt_xkffsbluxqm3,usr_ahw8yawyrh,2024-03-05T16:46:41.729,checkout_complete,,ses_hjfxw8l6ta9j,5525
evt_91yhv2mxo3jj,usr_ahw8yawyrh,2024-02-11T05:48:27.573,search,,ses_hjfxw8l6ta9j,113791
evt_1pwyjlely3rq,usr_ahw8yawyrh,2023-06-27T06:15:33.907,notification_click,,ses_hjfxw8l6ta9j,
evt_s28h5n9n8q88,usr_ahw8yawyrh,2024-02-23T05:21:33.042,video_play,,ses_hjfxw8l6ta9j,3336360
evt_vyxxohj993rd,usr_ahw8yawyrh,2023-11-11T19:43:29.590,settings_change,,ses_hjfxw8l6ta9j,138703
evt_u4mjra45rp7w,usr_ahw8yawyrh,2024-12-04T14:03:30.014,app_open,,ses_hjfxw8l6ta9j,1274692
evt_grbu4w14i0lp,usr_ahw8yawyrh,2024-02-05T00:37:23.486,profile_view,,ses_hjfxw8l6ta9j,60395
evt_0efhx2uqqedm,usr_ahw8yawyrh,2024-08-30T12:46:16.309,video_play,,ses_hjfxw8l6ta9j,3347756
evt_0g8lbn99d526,usr_ahw8yawyrh,2024-12-09T14:43:48.731,video_play,,ses_hjfxw8l6ta9j,2431113
evt_33hipkjtecmi,usr_ahw8yawyrh,2025-01-14T12:14:04.755,profile_view,,ses_hjfxw8l6ta9j,170302
evt_ndtegvvomu60,usr_ahw8yawyrh,2025-04-09T22:20:52.131,search,,ses_hjfxw8l6ta9j,120537
evt_adzll49iyxg8,usr_ahw8yawyrh,2023-07-22T09:29:21.383,feature_click,messages,ses_hjfxw8l6ta9j,276138
evt_37bwayynvp13,usr_ahw8yawyrh,2024-05-03T14:02:25.169,settings_change,,ses_4vddpavyh7xu,277827
evt_c4voxdej526d,usr_ahw8yawyrh,2025-03-13T00:00:40.398,content_share,,ses_4vddpavyh7xu,157602
evt_d3s0dtrs4c7p,usr_ahw8yawyrh,2023-12-14T02:49:03.741,notification_click,,ses_4vddpavyh7xu,
evt_ef4jv0l6j6nq,usr_ahw8yawyrh,2023-11-23T11:03:30.964,search,,ses_uk9xnogg0uud,220582
evt_hsgaa4ps019t,usr_i51te8urpt,2025-01-20T00:21:39.639,profile_view,,ses_9cb8r5n7fffx,207239
evt_50kgr8flh19w,usr_i51te8urpt,2024-12-18T09:13:34.825,content_share,,ses_9cb8r5n7fffx,55791
evt_475uyg9i3ykp,usr_i51te8urpt,2025-02-03T02:32:52.899,checkout_start,,ses_9cb8r5n7fffx,143538
evt_av63e3z1b95a,usr_i51te8urpt,2024-09-08T05:40:18.834,profile_view,,ses_9cb8r5n7fffx,286236
evt_sl79hvr2h81f,usr_i51te8urpt,2024-02-14T06:43:31.527,video_play,,ses_9cb8r5n7fffx,2435210
evt_ft6oly7mekh4,usr_i51te8urpt,2025-04-14T21:08:48.585,notification_click,,ses_0ivvy53qes9u,
evt_375dpez34djr,usr_i51te8urpt,2024-11-09T05:29:00.564,settings_change,,ses_0ivvy53qes9u,165225
evt_1q4vp7ikgtlk,usr_i51te8urpt,2025-01-02T17:02:55.838,video_play,,ses_0ivvy53qes9u,446597
evt_oqzalv30x90j,usr_i51te8urpt,2024-12-07T19:34:09.076,settings_change,,ses_0ivvy53qes9u,188480
evt_8ixdlcdqx0cn,usr_i51te8urpt,2024-06-29T04:46:29.320,settings_change,,ses_0ivvy53qes9u,269370
evt_y42t8d065mw4,usr_i51te8urpt,2024-03-24T04:13:57.834,checkout_complete,,ses_0ivvy53qes9u,87718
evt_qevvxq02umv3,usr_i51te8urpt,2025-05-20T22:55:18.666,app_open,,ses_0ivvy53qes9u,166799
evt_9wiln5sm0yjl,usr_i51te8urpt,2024-11-13T15:45:09.632,checkout_start,,ses_ckb3do83flz7,295649
evt_cpvaikg6duda,usr_i51te8urpt,2024-07-15T05:09:38.678,profile_view,,ses_ckb3do83flz7,159253
evt_qlfqm9omq8lt,usr_i51te8urpt,2025-02-16T09:35:28.575,content_share,,ses_ckb3do83flz7,215029
evt_z2zus4p0mid5,usr_h4y251lwc5,2024-12-15T11:54:21.790,settings_change,,ses_la0yyatiq1pv,140874
evt_1eamruln3ow0,usr_h4y251lwc5,2025-02-11T16:14:37.966,checkout_complete,,ses_la0yyatiq1pv,147934
evt_plp42yg5miiz,usr_h4y251lwc5,2025-04-10T08:46:20.459,checkout_start,,ses_la0yyatiq1pv,222123
evt_i09uqv8pvgqv,usr_h4y251lwc5,2025-04-21T21:44:30.335,profile_view,,ses_la0yyatiq1pv,105674
evt_svych7p4658u,usr_h4y251lwc5,2024-09-01T17:28:08.463,video_play,,ses_la0yyatiq1pv,2401093
evt_udxeub0zj794,usr_h4y251lwc5,2025-03-19T08:20:41.563,search,,ses_la0yyatiq1pv,209248
evt_bs24xzknwapr,usr_h4y251lwc5,2024-12-17T15:01:13.818,checkout_complete,,ses_la0yyatiq1pv,26703
evt_gwu94cv99a88,usr_h4y251lwc5,2025-01-29T12:05:16.629,content_share,,ses_la0yyatiq1pv,34946
evt_asdsftb408pd,usr_h4y251lwc5,2024-09-18T09:19:04.133,app_open,,ses_97dqt578rt5k,630734
evt_0xltmeka9ghc,usr_h4y251lwc5,2024-06-23T09:14:54.737,checkout_start,,ses_97dqt578rt5k,40377
evt_b8ywk0q8ombr,usr_h4y251lwc5,2024-12-03T16:30:44.005,content_share,,ses_97dqt578rt5k,177958
evt_t4z6i4nzsc0d,usr_h4y251lwc5,2024-05-29T10:31:28.516,app_open,,ses_97dqt578rt5k,1462456
evt_7cmd0iole6he,usr_h4y251lwc5,2024-10-29T14:51:27.088,settings_change,,ses_97dqt578rt5k,254665
evt_n1lnp2a89bgs,usr_h4y251lwc5,2024-04-25T04:50:00.380,search,,ses_97dqt578rt5k,234313
evt_xlfphn21dhlt,usr_h4y251lwc5,2025-04-14T16:20:34.771,app_open,,ses_97dqt578rt5k,177774
evt_cy8b18qm37y4,usr_h4y251lwc5,2024-07-24T08:25:37.161,search,,ses_97dqt578rt5k,128526
evt_4z5n3y9xbunc,usr_h4y251lwc5,2024-07-15T23:26:34.527,search,,ses_a0a99s1vpg2o,153788
evt_izszx8sg30gq,usr_h4y251lwc5,2024-06-27T11:00:24.554,feature_click,homepage,ses_a0a99s1vpg2o,223092
evt_yewbrj4pwu8t,usr_h4y251lwc5,2024-09-09T06:31:31.001,content_share,,ses_ki320fcl9yn7,264509
evt_mzelb3e4kswe,usr_h4y251lwc5,2025-03-08T08:05:46.093,feature_click,checkout,ses_ki320fcl9yn7,235695
evt_yivezswxw887,usr_h4y251lwc5,2024-07-21T14:11:16.146,feature_click,notifications,ses_8jn08uzmoegw,171111
evt_2s8mjbz0fhdu,usr_h4y251lwc5,2024-07-22T15:56:40.079,content_share,,ses_8jn08uzmoegw,245696
evt_chgoha2ayjue,usr_h4y251lwc5,2025-04-15T16:28:20.125,app_open,,ses_8jn08uzmoegw,3300445
evt_mxzcdrrukugz,usr_tecvy27yyp,2024-11-08T13:00:45.296,video_play,,ses_devacmd93g7i,3276586
evt_xagl1x135v1v,usr_tecvy27yyp,2024-11-21T16:05:20.787,video_play,,ses_devacmd93g7i,87686
evt_zlu5jazn2s2j,usr_tecvy27yyp,2025-03-18T22:31:56.738,video_play,,ses_devacmd93g7i,2875747
evt_8mvhtw5eagfb,usr_tecvy27yyp,2024-10-08T22:47:58.468,checkout_start,,ses_devacmd93g7i,225179
evt_z7egnypmm19t,usr_tecvy27yyp,2025-03-31T08:12:34.612,content_share,,ses_devacmd93g7i,295862
evt_krvp389596kw,usr_tecvy27yyp,2025-03-02T23:45:50.545,app_open,,ses_psyclh9t0rl1,925140
evt_vnadt7so6f5g,usr_tecvy27yyp,2025-04-19T19:44:27.729,notification_click,,ses_z98pc6mkt1im,
evt_2vszma0t2a15,usr_tecvy27yyp,2024-11-30T08:56:53.559,checkout_start,,ses_z98pc6mkt1im,177680
evt_3mmblgeeogha,usr_tecvy27yyp,2025-02-15T15:04:08.807,app_open,,ses_qkf1zeh6ddcz,1461894
evt_r0kjmo71ksac,usr_tecvy27yyp,2025-03-30T16:59:55.815,content_share,,ses_zwldm2g0e3xr,148571
evt_6l4lff7903jz,usr_tecvy27yyp,2024-12-28T21:06:51.244,search,,ses_zwldm2g0e3xr,182030
evt_mbmr8nx7tgfi,usr_tecvy27yyp,2025-03-14T09:05:20.211,settings_change,,ses_zwldm2g0e3xr,90440
evt_dlgrizh5vkap,usr_tecvy27yyp,2025-03-14T12:40:23.505,notification_click,,ses_1p9qyzk6b9mt,
evt_rftdy7vprh7e,usr_tecvy27yyp,2025-04-20T03:56:01.832,content_share,,ses_1p9qyzk6b9mt,26978
evt_g8wzxq8nchvf,usr_tecvy27yyp,2024-12-05T02:31:27.756,settings_change,,ses_1p9qyzk6b9mt,105242
evt_y3rmux16fbr4,usr_tecvy27yyp,2025-05-03T15:07:43.720,app_open,,ses_w0ijfrfvzocd,1080663
evt_pn5f6zopivrh,usr_tecvy27yyp,2025-01-10T03:02:46.997,checkout_complete,,ses_w0ijfrfvzocd,117920
evt_7ftes1ngukv7,usr_tecvy27yyp,2024-11-21T00:56:23.554,search,,ses_w0ijfrfvzocd,2855
evt_luunzbsn952b,usr_tecvy27yyp,2025-03-03T03:10:25.706,checkout_complete,,ses_w0ijfrfvzocd,133617
evt_qskrw2bwgjy9,usr_tecvy27yyp,2025-03-24T06:10:17.142,notification_click,,ses_w0ijfrfvzocd,
evt_e9gcob5e2jub,usr_tecvy27yyp,2024-11-07T14:00:15.689,profile_view,,ses_suilpasd7i3v,143997
evt_qygrqwd307ns,usr_tecvy27yyp,2024-12-15T13:38:41.497,feature_click,help_center,ses_3cch7q3zx7im,10307
evt_wsw9j4oenjqc,usr_tecvy27yyp,2025-02-01T02:32:57.778,content_share,,ses_3cch7q3zx7im,6789
evt_mdrspu75d0at,usr_tecvy27yyp,2024-10-08T00:12:21.531,notification_click,,ses_3cch7q3zx7im,
evt_j4g6a5cyloy1,usr_tecvy27yyp,2025-04-06T16:37:39.434,content_share,,ses_5dxzbc06m2st,132612
evt_65e1babdbq1j,usr_tecvy27yyp,2025-01-05T12:01:39.347,settings_change,,ses_5dxzbc06m2st,226769
evt_fpqm0w531npg,usr_tecvy27yyp,2025-05-01T11:58:45.471,search,,ses_5dxzbc06m2st,188263
evt_d2gk2w1i16zh,usr_tecvy27yyp,2025-03-11T14:55:32.612,search,,ses_5dxzbc06m2st,159400
evt_2oy9lnwlbva1,usr_tecvy27yyp,2024-11-29T00:53:50.402,settings_change,,ses_i2i41kazhl27,193041
evt_vfowckign43x,usr_tecvy27yyp,2025-04-15T19:05:17.622,search,,ses_i2i41kazhl27,199596
evt_lcj35m8ytwqa,usr_tecvy27yyp,2025-02-28T13:27:36.387,notification_click,,ses_sx069ytnjia7,
evt_rgpl40huexzm,usr_tecvy27yyp,2025-05-01T18:26:01.124,checkout_complete,,ses_sx069ytnjia7,235357
evt_8whmdkacz0eh,usr_tecvy27yyp,2024-10-15T09:10:38.768,profile_view,,ses_sx069ytnjia7,288303
evt_xnk5lq7v6z8o,usr_tecvy27yyp,2024-11-12T10:40:34.775,profile_view,,ses_sx069ytnjia7,95973
evt_40d6nwzne99b,usr_tecvy27yyp,2024-11-15T21:41:25.363,feature_click,profile,ses_sx069ytnjia7,91288
evt_j0ycgosnqukm,usr_tecvy27yyp,2024-11-14T17:46:28.902,checkout_complete,,ses_sx069ytnjia7,199459
evt_jqxrvj73uo8v,usr_tecvy27yyp,2025-04-06T22:29:28.735,notification_click,,ses_sx069ytnjia7,
evt_fic5o7yxdz4s,usr_tecvy27yyp,2025-01-30T17:23:52.713,notification_click,,ses_sx069ytnjia7,
evt_p8kc23ho2r83,usr_tecvy27yyp,2024-10-08T18:22:00.350,search,,ses_sx069ytnjia7,225584
evt_gnf98tjt2inf,usr_tecvy27yyp,2024-08-25T01:42:35.146,feature_click,feed,ses_sx069ytnjia7,262345
evt_ncj3csdafvr3,usr_t8fbycez1r,2025-01-24T08:21:16.788,checkout_start,,ses_6vvqkeutuo6a,264853
evt_b13gbihtwxtg,usr_t8fbycez1r,2025-04-29T10:13:52.956,checkout_start,,ses_6vvqkeutuo6a,58617
evt_ko3opv10x5m0,usr_t8fbycez1r,2024-03-12T02:43:00.489,search,,ses_6vvqkeutuo6a,255551
evt_zco4n4ourrc1,usr_t8fbycez1r,2024-05-06T23:43:58.020,app_open,,ses_6vvqkeutuo6a,294936
evt_0gn421kiwzok,usr_t8fbycez1r,2023-10-28T17:13:56.130,video_play,,ses_6vvqkeutuo6a,1546735
evt_z4um74ueoul4,usr_t8fbycez1r,2024-06-29T07:42:59.190,app_open,,ses_6vvqkeutuo6a,204384
evt_q1ehwocu76iw,usr_t8fbycez1r,2023-11-18T20:41:28.096,settings_change,,ses_6vvqkeutuo6a,113275
evt_va5bicoz42sj,usr_8hyklcv9wh,2024-09-13T01:10:11.246,profile_view,,ses_s16fb866ea2t,170539
evt_h71wepb4gsev,usr_8hyklcv9wh,2023-08-04T03:47:03.952,feature_click,help_center,ses_s16fb866ea2t,195713
evt_dezhvhuk1zox,usr_8hyklcv9wh,2024-05-01T18:37:33.167,checkout_start,,ses_s16fb866ea2t,186825
evt_ei88d6g715ud,usr_8hyklcv9wh,2023-10-20T09:31:42.573,feature_click,messages,ses_s16fb866ea2t,52762
evt_lr2mp2548x24,usr_8hyklcv9wh,2024-12-13T00:48:09.802,video_play,,ses_s16fb866ea2t,446219
evt_n823x61lh4f4,usr_8hyklcv9wh,2024-02-24T22:51:45.955,notification_click,,ses_s16fb866ea2t,
evt_g7exkmykaayp,usr_8hyklcv9wh,2024-03-05T09:59:33.936,profile_view,,ses_s16fb866ea2t,273520
evt_k0g698r0qtdw,usr_8hyklcv9wh,2023-08-20T08:13:25.302,notification_click,,ses_s16fb866ea2t,
evt_plxrp0ckx01m,usr_8hyklcv9wh,2023-11-29T22:10:34.049,settings_change,,ses_72i3zrj13osj,111730
evt_d3d5grgxf4aj,usr_8hyklcv9wh,2024-08-05T17:34:18.774,notification_click,,ses_72i3zrj13osj,
evt_qcj90rd2l6o8,usr_8hyklcv9wh,2024-05-01T03:27:22.492,content_share,,ses_72i3zrj13osj,84978
evt_4qolm1wl6e9q,usr_8hyklcv9wh,2024-09-09T02:28:46.588,app_open,,ses_72i3zrj13osj,2160769
evt_w882bxxsge7p,usr_8hyklcv9wh,2024-04-11T17:51:50.104,profile_view,,ses_5os8n1zg85ao,219183
evt_138pg8qxje9i,usr_8hyklcv9wh,2023-11-22T07:27:16.089,feature_click,settings,ses_5os8n1zg85ao,101846
evt_m1ztw986m5zm,usr_8hyklcv9wh,2025-03-16T01:06:13.234,search,,ses_5os8n1zg85ao,184847
evt_g8k8prdulc6d,usr_8hyklcv9wh,2024-11-22T21:37:18.385,profile_view,,ses_5os8n1zg85ao,270999
evt_94nobtn3hxmq,usr_8hyklcv9wh,2025-04-06T11:32:36.877,profile_view,,ses_1td8fz868hgk,81562
evt_mhuow01xy82s,usr_8hyklcv9wh,2023-08-08T14:03:26.362,content_share,,ses_1td8fz868hgk,56919
evt_y3as37hngmup,usr_8hyklcv9wh,2025-02-05T20:54:55.495,video_play,,ses_1td8fz868hgk,3406639
evt_79e73so2falq,usr_8hyklcv9wh,2024-05-13T12:37:52.372,checkout_complete,,ses_1td8fz868hgk,271102
evt_yhnp6jxlhi4p,usr_8hyklcv9wh,2024-02-25T23:43:56.999,search,,ses_1td8fz868hgk,292916
evt_4q1uwiciec8r,usr_8hyklcv9wh,2024-09-18T13:45:55.465,content_share,,ses_kep5k2vbawdd,196829
evt_3ne5gc3lxwxh,usr_8hyklcv9wh,2024-11-09T01:52:16.406,settings_change,,ses_kep5k2vbawdd,171087
evt_o71n5lvcxxxp,usr_8hyklcv9wh,2024-09-09T14:52:10.454,checkout_complete,,ses_kep5k2vbawdd,20631
evt_33ibnx28tf2t,usr_8hyklcv9wh,2025-04-17T11:23:27.483,profile_view,,ses_t6lpxjk0m7qo,130203
evt_9854yua9k0mp,usr_8hyklcv9wh,2024-11-24T07:12:49.711,profile_view,,ses_t6lpxjk0m7qo,91056
evt_jw33kbrx1ve4,usr_8hyklcv9wh,2024-01-22T01:55:36.508,content_share,,ses_t6lpxjk0m7qo,245761
evt_m5nk0rkb5q2p,usr_8hyklcv9wh,2023-09-13T16:08:11.350,settings_change,,ses_t6lpxjk0m7qo,111447
evt_f9vzmh3q4s2x,usr_8hyklcv9wh,2023-08-03T06:23:39.124,search,,ses_t6lpxjk0m7qo,132340
evt_0upd186fxrt3,usr_xts2ritjy2,2024-09-25T19:36:04.465,checkout_complete,,ses_pfkrc0es0f97,18159
evt_918i0vqpvsk2,usr_xts2ritjy2,2024-04-21T06:31:53.108,search,,ses_pfkrc0es0f97,62551
evt_vkfptztyn00d,usr_xts2ritjy2,2024-10-03T14:26:04.462,content_share,,ses_pfkrc0es0f97,73551
evt_hwkin2csd0yc,usr_xts2ritjy2,2024-02-23T18:20:38.263,checkout_start,,ses_pfkrc0es0f97,95079
evt_yfxk1igxcg4a,usr_xts2ritjy2,2025-02-25T18:12:11.546,video_play,,ses_pfkrc0es0f97,1523703
evt_6yqkphxfwv9q,usr_xts2ritjy2,2025-01-16T18:42:52.768,checkout_complete,,ses_pfkrc0es0f97,105361
evt_7mxk5rdlcqk4,usr_xts2ritjy2,2024-04-07T19:18:05.186,checkout_complete,,ses_pfkrc0es0f97,124247
evt_hgo3v25ilofe,usr_xts2ritjy2,2025-02-12T22:28:50.216,feature_click,settings,ses_pfkrc0es0f97,140514
evt_6836q3nqtoho,usr_xts2ritjy2,2024-02-24T04:29:18.256,video_play,,ses_pfkrc0es0f97,176808
evt_iejfxpxp8nv9,usr_xts2ritjy2,2024-05-12T16:06:13.286,app_open,,ses_il9m9jv83dx9,2704287
evt_iwwqr1e6b9tp,usr_xts2ritjy2,2024-11-26T15:48:53.574,video_play,,ses_il9m9jv83dx9,165763
evt_ta1gh7qt012x,usr_xts2ritjy2,2025-04-25T20:37:02.268,checkout_start,,ses_il9m9jv83dx9,1979
evt_8q3db2v06qrz,usr_xts2ritjy2,2024-04-30T12:48:58.821,search,,ses_0fw04zfr4gx9,172317
evt_bmyp2rkw4low,usr_xts2ritjy2,2024-07-03T18:49:26.155,content_share,,ses_0fw04zfr4gx9,92613
evt_8v2qdb8isutz,usr_xts2ritjy2,2024-07-03T03:39:41.585,video_play,,ses_0fw04zfr4gx9,3409008
evt_dkpvd0dp999t,usr_xts2ritjy2,2024-03-27T00:53:08.619,content_share,,ses_0fw04zfr4gx9,258472
evt_f6lomc25qx8w,usr_xts2ritjy2,2024-04-23T11:59:31.387,checkout_start,,ses_0fw04zfr4gx9,244768
evt_zmjxw1feaqzi,usr_xts2ritjy2,2024-05-26T12:09:27.389,profile_view,,ses_0fw04zfr4gx9,78761
evt_60rgvmzmmz94,usr_xts2ritjy2,2024-04-06T15:28:03.555,video_play,,ses_0fw04zfr4gx9,3498731
evt_nuerim77cazu,usr_xts2ritjy2,2024-03-06T11:07:31.148,settings_change,,ses_0fw04zfr4gx9,115382
evt_d0o2gwhin0dm,usr_xts2ritjy2,2025-01-25T20:37:52.277,app_open,,ses_0fw04zfr4gx9,1844765
evt_edkkcimjlxtf,usr_xts2ritjy2,2025-04-16T11:24:20.065,app_open,,ses_0fw04zfr4gx9,467133
evt_44utcg66f9ep,usr_xts2ritjy2,2025-01-06T05:07:45.812,app_open,,ses_0fw04zfr4gx9,310948
evt_e1fgxv2q4tik,usr_xts2ritjy2,2024-12-09T22:04:46.164,profile_view,,ses_0fw04zfr4gx9,87876
evt_2miw10lobd9z,usr_xts2ritjy2,2025-03-18T12:27:50.609,profile_view,,ses_36m866n0lljs,229844
evt_96crvep57flm,usr_xts2ritjy2,2024-04-08T19:34:33.731,video_play,,ses_36m866n0lljs,2169290
evt_br05tftdtjhg,usr_xts2ritjy2,2024-11-14T03:28:38.701,checkout_start,,ses_36m866n0lljs,188489
evt_umvn0t4noc5t,usr_xts2ritjy2,2024-10-02T19:54:27.068,content_share,,ses_36m866n0lljs,90395
evt_hydyek84yivl,usr_xts2ritjy2,2025-01-09T23:52:36.610,video_play,,ses_36m866n0lljs,2114632
evt_giowd9c47ymg,usr_xts2ritjy2,2024-05-03T03:53:01.359,app_open,,ses_36m866n0lljs,3376599
evt_dv1i6gsbgebk,usr_xts2ritjy2,2024-08-11T12:28:33.930,profile_view,,ses_gb0fxtk00u1e,141443
evt_g62w5991y35r,usr_xts2ritjy2,2025-02-18T10:31:05.515,notification_click,,ses_gb0fxtk00u1e,
evt_fxby1kh2ge41,usr_xts2ritjy2,2024-10-04T17:57:23.945,app_open,,ses_gb0fxtk00u1e,306023
evt_4knhl8ozaggn,usr_xts2ritjy2,2024-03-07T09:45:59.331,notification_click,,ses_gb0fxtk00u1e,
evt_y8agqubfxh5m,usr_xts2ritjy2,2025-05-05T06:31:16.148,checkout_complete,,ses_gb0fxtk00u1e,296404
evt_gupqlysmfva8,usr_xts2ritjy2,2024-07-21T10:03:03.499,video_play,,ses_gb0fxtk00u1e,2359812
evt_5jfsh6puq1or,usr_xts2ritjy2,2025-02-20T07:30:04.815,checkout_start,,ses_assm8o3szz8s,101349
evt_x7onc9yrr8zb,usr_xts2ritjy2,2025-02-18T05:27:53.453,checkout_complete,,ses_assm8o3szz8s,253725
evt_ndb9sjxcs4oz,usr_xts2ritjy2,2024-04-14T07:45:38.822,profile_view,,ses_assm8o3szz8s,111199
evt_2vwj60svw199,usr_r1j6zlgdef,2024-09-06T17:18:26.835,search,,ses_fr3p20mfvhpr,111935
evt_8lyzc0tfyahy,usr_r1j6zlgdef,2025-01-13T14:09:28.571,search,,ses_fr3p20mfvhpr,223362
evt_zxe34spiqspt,usr_r1j6zlgdef,2025-04-11T05:50:24.886,notification_click,,ses_fr3p20mfvhpr,
evt_r9ast46pt3nt,usr_r1j6zlgdef,2025-01-01T15:16:02.429,checkout_complete,,ses_fr3p20mfvhpr,16628
evt_uez9tuxguqgf,usr_r1j6zlgdef,2025-01-11T02:29:32.101,app_open,,ses_fr3p20mfvhpr,219076
evt_6fzpcja3kvlm,usr_r1j6zlgdef,2025-03-23T13:50:39.240,content_share,,ses_fr3p20mfvhpr,119942
evt_esba9mxsm9vp,usr_r1j6zlgdef,2024-08-13T05:01:21.659,profile_view,,ses_fr3p20mfvhpr,10039
evt_r9wffdkkr3tn,usr_r1j6zlgdef,2025-04-13T00:39:54.285,settings_change,,ses_oyw6a7q3tu80,203996
evt_4ea6bstaj0h3,usr_r1j6zlgdef,2024-11-07T22:37:02.945,content_share,,ses_oyw6a7q3tu80,80059
evt_ls3kkf0yummd,usr_r1j6zlgdef,2024-09-14T11:01:17.399,search,,ses_48nde744putn,246172
evt_wqlq76cxa0p2,usr_r1j6zlgdef,2024-11-25T13:18:44.340,settings_change,,ses_48nde744putn,27798
evt_au9rk4l3vmfm,usr_r1j6zlgdef,2024-09-16T13:07:55.459,settings_change,,ses_48nde744putn,250592
evt_c0t11d25n4ee,usr_r1j6zlgdef,2024-09-24T06:28:23.351,profile_view,,ses_48nde744putn,186162
evt_i0x771g5yu79,usr_r1j6zlgdef,2025-02-15T19:29:46.617,checkout_start,,ses_48nde744putn,87591
evt_01k5dcj2v6do,usr_r1j6zlgdef,2025-02-20T03:05:23.838,settings_change,,ses_48nde744putn,203522
evt_axeyd70d01mh,usr_r1j6zlgdef,2025-01-29T22:30:36.657,video_play,,ses_j5sxaaxcshnf,3447701
evt_vbatdc7e1vjv,usr_r1j6zlgdef,2025-01-15T23:05:09.415,content_share,,ses_j5sxaaxcshnf,37282
evt_8gfs674no08k,usr_r1j6zlgdef,2024-07-21T11:18:17.736,checkout_start,,ses_j5sxaaxcshnf,165064
evt_bpdsjj018orr,usr_r1j6zlgdef,2025-03-14T04:34:02.926,search,,ses_wgi9cgz44rf7,256072
evt_5lqt06li1n9r,usr_r1j6zlgdef,2024-12-14T23:46:54.787,video_play,,ses_wgi9cgz44rf7,3476467
evt_qnd5v71u4g4j,usr_r1j6zlgdef,2024-10-18T16:18:16.579,checkout_start,,ses_wgi9cgz44rf7,281618
evt_a2pkm3e3e2lu,usr_r1j6zlgdef,2024-11-05T14:22:22.283,profile_view,,ses_wgi9cgz44rf7,11227
evt_imtfxwvn6wze,usr_r1j6zlgdef,2024-12-30T17:40:49.905,search,,ses_wgi9cgz44rf7,193303
evt_1kt7e36vb5zl,usr_r1j6zlgdef,2025-03-16T17:23:38.463,video_play,,ses_wgi9cgz44rf7,580419
evt_a02wy4e47rm4,usr_r1j6zlgdef,2024-08-06T00:08:06.647,feature_click,settings,ses_bu1q4z60kisv,288365
evt_ppnryyinkz66,usr_r1j6zlgdef,2024-07-27T07:49:03.668,notification_click,,ses_bu1q4z60kisv,
evt_2dr0afsggrft,usr_r1j6zlgdef,2025-05-07T17:01:50.832,notification_click,,ses_bu1q4z60kisv,
evt_03n90vyjrz3h,usr_r1j6zlgdef,2024-11-29T02:47:05.589,checkout_start,,ses_bu1q4z60kisv,210817
evt_94jf1gqyeqq3,usr_r1j6zlgdef,2024-12-11T23:20:16.355,profile_view,,ses_bu1q4z60kisv,7397
evt_rf0q862t6w84,usr_r1j6zlgdef,2025-05-07T04:03:45.660,checkout_complete,,ses_bu1q4z60kisv,73602
evt_vqb0z4s9gz31,usr_r1j6zlgdef,2025-02-06T07:16:49.265,video_play,,ses_bu1q4z60kisv,2568773
evt_og40op6avx1g,usr_r1j6zlgdef,2024-11-01T17:39:25.750,settings_change,,ses_bu1q4z60kisv,179094
evt_qvyerqvnh60r,usr_r1j6zlgdef,2024-11-28T13:12:20.185,profile_view,,ses_03vtybjdmzlq,79466
evt_vlrn3kvjcyo4,usr_r1j6zlgdef,2025-04-18T19:55:05.617,content_share,,ses_8aqo5w4kpajl,176312
evt_9lsq20qkbipk,usr_r1j6zlgdef,2024-10-31T02:36:59.807,search,,ses_8aqo5w4kpajl,174292
evt_g1hx1zybv8pp,usr_r1j6zlgdef,2025-01-19T02:00:17.752,notification_click,,ses_66kgqgownr7c,
evt_vvhww0xt8wzv,usr_r1j6zlgdef,2024-12-28T18:20:25.401,settings_change,,ses_66kgqgownr7c,29239
evt_sjgo3oa6hoxj,usr_j0k0eroy5q,2025-03-02T16:37:30.507,app_open,,ses_74x2lyl6tpqt,2444371
evt_zzf3g673u1f0,usr_j0k0eroy5q,2024-08-28T08:38:32.626,settings_change,,ses_74x2lyl6tpqt,58476
evt_3ulvadxgm8u7,usr_j0k0eroy5q,2024-05-04T09:53:44.045,search,,ses_74x2lyl6tpqt,110628
evt_5qjtdpno10m3,usr_j0k0eroy5q,2025-04-09T03:40:42.128,checkout_start,,ses_74x2lyl6tpqt,6776
evt_sm3esmst7q0n,usr_j0k0eroy5q,2025-01-26T00:55:43.888,app_open,,ses_74x2lyl6tpqt,3598189
evt_zbprwkgwy5qc,usr_j0k0eroy5q,2024-03-07T08:04:23.270,checkout_start,,ses_etx9vott2t9t,137284
evt_crvyqp017rf2,usr_j0k0eroy5q,2025-02-12T08:40:10.629,video_play,,ses_etx9vott2t9t,1700938
evt_uh06vrmtp29t,usr_fdfty3jjau,2024-07-03T13:56:56.961,video_play,,ses_ca6j46lenlxe,2923802
evt_tkytglfftzxn,usr_fdfty3jjau,2024-11-06T02:37:19.334,video_play,,ses_ca6j46lenlxe,1021021
evt_vicj8eo1piev,usr_fdfty3jjau,2024-06-23T09:16:36.152,video_play,,ses_ca6j46lenlxe,591197
evt_7o9sij93llae,usr_fdfty3jjau,2024-08-22T15:49:26.007,content_share,,ses_489utbkto7dz,29366
evt_wbanf4u1a8dd,usr_fdfty3jjau,2024-12-29T19:26:56.337,checkout_start,,ses_5m7a74syhojz,108162
evt_gozjn9zno8qx,usr_fdfty3jjau,2024-06-17T01:41:34.097,checkout_start,,ses_s3o98z0f5iag,50233
evt_xjcflgcvntph,usr_fdfty3jjau,2024-11-28T04:20:04.906,checkout_start,,ses_s3o98z0f5iag,124690
evt_xpgqt8ts79vu,usr_fdfty3jjau,2024-11-05T16:34:10.120,checkout_complete,,ses_hvy1ozydugu7,210887
evt_9t3k1inq6gex,usr_fdfty3jjau,2024-06-03T16:46:10.999,checkout_start,,ses_hvy1ozydugu7,97763
evt_1uojaadr5lro,usr_fdfty3jjau,2024-11-28T18:22:21.675,profile_view,,ses_hvy1ozydugu7,253802
evt_1kivovzxmkp5,usr_fdfty3jjau,2024-08-15T18:22:20.851,checkout_complete,,ses_hvy1ozydugu7,223039
evt_frv8f18tbbgp,usr_fdfty3jjau,2024-06-13T13:48:10.765,checkout_complete,,ses_hvy1ozydugu7,291110
evt_w906kuibug4l,usr_fdfty3jjau,2025-03-27T19:24:09.924,checkout_complete,,ses_unhblblhsag4,170501
evt_jpocpzaayvjf,usr_fdfty3jjau,2024-08-11T01:46:49.071,notification_click,,ses_unhblblhsag4,
evt_vfr95pvuf5gu,usr_fdfty3jjau,2024-08-23T20:36:57.619,notification_click,,ses_unhblblhsag4,
evt_syl2bc3iz295,usr_fdfty3jjau,2025-02-27T14:04:33.770,checkout_complete,,ses_unhblblhsag4,107032
evt_59f94cqg4vg2,usr_fdfty3jjau,2025-03-29T20:26:29.726,profile_view,,ses_lwl8bww7vgta,173579
evt_oycq5e5hke6g,usr_fdfty3jjau,2024-11-01T14:20:43.509,app_open,,ses_lwl8bww7vgta,2842768
evt_ecevkh2a2e9l,usr_fdfty3jjau,2025-05-11T15:38:18.185,checkout_start,,ses_6dwp88s1elnv,69175
evt_n6p1gepn68tz,usr_fdfty3jjau,2024-08-23T06:18:15.476,content_share,,ses_6dwp88s1elnv,84773
evt_tu7n9brdhmp5,usr_fdfty3jjau,2025-01-27T16:15:34.544,search,,ses_6dwp88s1elnv,279330
evt_jdts4u9fkx18,usr_fdfty3jjau,2025-02-03T12:00:05.874,feature_click,messages,ses_6dwp88s1elnv,34833
evt_zzpkjj5818gm,usr_fdfty3jjau,2024-05-10T12:13:26.971,settings_change,,ses_6dwp88s1elnv,149480
evt_mdfuk9j937qp,usr_fdfty3jjau,2024-07-06T06:15:14.598,feature_click,messages,ses_6dwp88s1elnv,13817
evt_jv0jca67v4w7,usr_fdfty3jjau,2024-11-23T13:25:21.726,video_play,,ses_6dwp88s1elnv,2456639
evt_sko6700m1rfs,usr_fdfty3jjau,2024-07-11T06:11:22.441,notification_click,,ses_6dwp88s1elnv,
evt_hs71rm4zzi1q,usr_fdfty3jjau,2025-03-29T01:48:00.226,checkout_complete,,ses_6dwp88s1elnv,60838
evt_jwceqpbrdnsh,usr_fdfty3jjau,2024-07-28T15:06:27.355,feature_click,search,ses_6dwp88s1elnv,109680
evt_67nosrno67u7,usr_fdfty3jjau,2024-06-07T11:43:21.792,checkout_complete,,ses_6dwp88s1elnv,139301
evt_t5n8pyxt4ade,usr_fdfty3jjau,2024-12-19T15:49:22.167,content_share,,ses_6dwp88s1elnv,104633
evt_y4089y87kmxh,usr_fdfty3jjau,2024-11-15T17:13:05.758,settings_change,,ses_6dwp88s1elnv,69127
evt_zfqzyw81cr9a,usr_fdfty3jjau,2024-12-08T18:15:17.543,checkout_complete,,ses_6dwp88s1elnv,184867
evt_qi3ftnqb40co,usr_fdfty3jjau,2024-09-16T09:06:25.423,notification_click,,ses_6dwp88s1elnv,
evt_0h3exg9dravi,usr_fdfty3jjau,2024-12-11T04:33:18.308,notification_click,,ses_6dwp88s1elnv,
evt_vm7k9xtbaxti,usr_t37xus5eh3,2023-09-21T20:06:56.285,content_share,,ses_lurar7tg47xj,113485
evt_p6ujbt5cseop,usr_t37xus5eh3,2025-01-19T03:28:18.026,content_share,,ses_lurar7tg47xj,28660
evt_ao8qo2vt2i8m,usr_t37xus5eh3,2023-07-17T11:01:43.423,search,,ses_lurar7tg47xj,189215
evt_i6xfq94r3ddh,usr_t37xus5eh3,2023-02-12T10:23:11.442,profile_view,,ses_lurar7tg47xj,103256
evt_fao2v3ep2zhk,usr_t37xus5eh3,2023-10-06T16:41:04.098,app_open,,ses_lurar7tg47xj,2008476
evt_095i573hxmq8,usr_t37xus5eh3,2023-02-04T16:37:08.767,settings_change,,ses_lurar7tg47xj,111634
evt_wxw29v8s1zri,usr_t37xus5eh3,2024-08-19T08:04:50.590,search,,ses_lurar7tg47xj,65113
evt_2y3p86xrbfc9,usr_t37xus5eh3,2023-03-19T02:37:59.644,feature_click,help_center,ses_lurar7tg47xj,86425
evt_6w6fon0wjajg,usr_t37xus5eh3,2023-05-05T15:03:50.080,search,,ses_gun1wufc8trr,98801
evt_rufkrwjlcwko,usr_t37xus5eh3,2024-05-23T13:04:32.457,search,,ses_gun1wufc8trr,217936
evt_jkzoz7q5pipm,usr_t37xus5eh3,2024-03-08T04:42:53.317,app_open,,ses_gun1wufc8trr,3551166
evt_bgshq0y5yhg2,usr_t37xus5eh3,2024-09-12T08:01:45.401,checkout_start,,ses_gun1wufc8trr,157557
evt_xq6wzi8x5ciw,usr_t37xus5eh3,2025-03-06T01:42:30.564,settings_change,,ses_xf6491185tj1,221293
evt_67ab3hyq919x,usr_t37xus5eh3,2024-02-11T12:21:25.803,checkout_complete,,ses_xf6491185tj1,253246
evt_ubtbunzej3ci,usr_t37xus5eh3,2024-01-28T19:28:51.142,checkout_complete,,ses_xf6491185tj1,64860
evt_zj0x0udffwtz,usr_t37xus5eh3,2023-08-22T22:31:14.999,settings_change,,ses_xf6491185tj1,138597
evt_wcrj5ei53tnd,usr_t37xus5eh3,2023-09-22T07:57:32.640,checkout_complete,,ses_kq2gw7yhcygh,46392
evt_98wakqyzfaa2,usr_t37xus5eh3,2024-04-07T02:15:11.104,app_open,,ses_kq2gw7yhcygh,3597841
evt_bh4fhdvkyg3x,usr_t37xus5eh3,2023-12-26T01:44:17.866,search,,ses_kq2gw7yhcygh,263203
evt_bpzvliqf2m4s,usr_t37xus5eh3,2023-12-10T13:46:31.013,content_share,,ses_kq2gw7yhcygh,227027
evt_lqrmiggl1ry7,usr_t37xus5eh3,2023-01-10T10:47:36.344,settings_change,,ses_kq2gw7yhcygh,242220
evt_nrjtr43qmhu6,usr_t37xus5eh3,2023-05-18T12:59:24.537,app_open,,ses_1lkogm4qn7a6,3371062
evt_mtntep5xmzrk,usr_t37xus5eh3,2024-04-01T03:56:05.855,content_share,,ses_1lkogm4qn7a6,280387
evt_ja3b37c5ycmx,usr_t37xus5eh3,2023-03-24T03:49:24.419,checkout_start,,ses_1lkogm4qn7a6,147607
evt_p8rkfa1ozwln,usr_t37xus5eh3,2023-08-30T06:16:02.395,search,,ses_3veftsdspwnq,262614
evt_8zdfxr7zb2cc,usr_t37xus5eh3,2025-03-06T09:04:24.419,settings_change,,ses_3veftsdspwnq,291843
evt_4oodrx5kpqxe,usr_t37xus5eh3,2024-11-13T23:52:48.903,video_play,,ses_3veftsdspwnq,2859726
evt_iaxmtbp716ri,usr_t37xus5eh3,2024-01-01T09:24:40.711,profile_view,,ses_3veftsdspwnq,210518
evt_m0qtw5f02fd8,usr_wgl2w040gw,2025-05-13T11:21:26.043,notification_click,,ses_1v2mqxduuscm,
evt_7xtecto7si7u,usr_wgl2w040gw,2025-05-12T17:58:34.346,video_play,,ses_1v2mqxduuscm,2176455
evt_g341t0lgtw46,usr_wgl2w040gw,2025-05-09T20:29:00.092,checkout_start,,ses_1v2mqxduuscm,286113
evt_fctakvpiao48,usr_wgl2w040gw,2025-05-08T04:48:12.203,search,,ses_4j5wry9ku7pp,115839
evt_8pfw8ifqhurw,usr_wgl2w040gw,2025-05-16T17:50:21.427,feature_click,homepage,ses_4j5wry9ku7pp,19114
evt_m89d89yfdorw,usr_wgl2w040gw,2025-05-10T12:05:04.973,video_play,,ses_4j5wry9ku7pp,2038653
evt_lmeopopn4kr2,usr_wgl2w040gw,2025-05-16T01:39:13.393,search,,ses_4j5wry9ku7pp,175790
evt_tuq2vfn8qtda,usr_wgl2w040gw,2025-05-11T09:27:27.622,checkout_start,,ses_4j5wry9ku7pp,282186
evt_5rpos655fr5v,usr_wgl2w040gw,2025-05-08T01:44:20.675,settings_change,,ses_mytrogxjnp0l,285725
evt_sex2dzoqp9b4,usr_wgl2w040gw,2025-05-19T14:11:33.333,app_open,,ses_mytrogxjnp0l,2768336
evt_b7fahfgkkuoy,usr_wgl2w040gw,2025-05-10T03:20:30.942,video_play,,ses_mytrogxjnp0l,2134725
evt_632o1bz5ncna,usr_wgl2w040gw,2025-05-17T23:39:10.748,content_share,,ses_mytrogxjnp0l,234830
evt_18blg93vst0u,usr_wgl2w040gw,2025-05-17T23:40:50.678,notification_click,,ses_mytrogxjnp0l,
evt_7eukclrk6s73,usr_wgl2w040gw,2025-05-14T00:45:51.829,video_play,,ses_mytrogxjnp0l,2106908
evt_otbm1q7ovinw,usr_wgl2w040gw,2025-05-11T11:48:02.798,feature_click,help_center,ses_mytrogxjnp0l,116126
evt_0z71hlo901r2,usr_wgl2w040gw,2025-05-13T10:06:04.446,notification_click,,ses_za3joaqvfuac,
evt_xmdy3qdwu8zy,usr_wgl2w040gw,2025-05-09T19:14:39.693,content_share,,ses_za3joaqvfuac,169886
evt_4tcytcilqj30,usr_wgl2w040gw,2025-05-20T07:17:34.468,app_open,,ses_za3joaqvfuac,1027029
evt_2naznhfndyma,usr_wgl2w040gw,2025-05-14T21:21:37.707,checkout_complete,,ses_za3joaqvfuac,97121
evt_xa0cq265ukxm,usr_wgl2w040gw,2025-05-17T12:38:53.890,settings_change,,ses_za3joaqvfuac,192580
evt_etqzi01l1i7h,usr_wgl2w040gw,2025-05-12T22:22:50.529,feature_click,search,ses_za3joaqvfuac,11998
evt_wcmel90fyxte,usr_wgl2w040gw,2025-05-20T12:30:10.205,profile_view,,ses_za3joaqvfuac,287439
evt_3bmvwfh6slfp,usr_wgl2w040gw,2025-05-20T18:51:22.225,settings_change,,ses_za3joaqvfuac,8560
evt_ljocto1tv22q,usr_wgl2w040gw,2025-05-12T19:21:37.667,search,,ses_za3joaqvfuac,7842
evt_2aqrdwf85q08,usr_wevkd40s3f,2024-12-29T01:26:23.989,notification_click,,ses_kmzaqjl70wzn,
evt_2h1lw0imw8hi,usr_wevkd40s3f,2024-04-21T11:38:38.751,checkout_complete,,ses_kmzaqjl70wzn,127028
evt_6ldv4amdosyw,usr_wevkd40s3f,2024-12-20T04:08:43.430,content_share,,ses_kmzaqjl70wzn,5231
evt_shz3p77sryt8,usr_wevkd40s3f,2025-01-23T23:07:20.773,checkout_start,,ses_kmzaqjl70wzn,135436
evt_mmimhj5uw6bz,usr_wevkd40s3f,2023-06-01T18:19:31.473,profile_view,,ses_kmzaqjl70wzn,286868
evt_u8h26gfyjtqk,usr_wevkd40s3f,2024-04-29T07:55:31.351,search,,ses_kmzaqjl70wzn,268195
evt_sxjux6qd8wm9,usr_wevkd40s3f,2023-12-13T22:47:28.833,app_open,,ses_kmzaqjl70wzn,1641432
evt_rqavo8c37px4,usr_wevkd40s3f,2024-11-16T16:58:38.273,content_share,,ses_kmzaqjl70wzn,73886
evt_ifka61kfy5jy,usr_wevkd40s3f,2023-09-01T01:43:49.387,profile_view,,ses_kmzaqjl70wzn,221653
evt_pb7oy30cm0g5,usr_wevkd40s3f,2023-05-15T05:06:56.892,checkout_start,,ses_kmzaqjl70wzn,218336
evt_nk1l9ztfriki,usr_wevkd40s3f,2024-07-13T16:24:47.165,checkout_start,,ses_wb2y230m1pns,177796
evt_8si6da3jh3sm,usr_wevkd40s3f,2023-08-01T16:30:45.157,content_share,,ses_wb2y230m1pns,144813
evt_qrj8rni5w01i,usr_wevkd40s3f,2023-07-18T02:20:36.805,video_play,,ses_yj6wl60nkchn,581971
evt_h646m9f5fc9j,usr_kfs05jqx3w,2024-07-29T14:54:08.845,notification_click,,ses_x6jkir203ruh,
evt_saks8f1575gg,usr_kfs05jqx3w,2024-12-21T06:30:04.249,profile_view,,ses_x6jkir203ruh,228216
evt_j5jx6snlk9uv,usr_kfs05jqx3w,2023-03-12T15:51:11.000,profile_view,,ses_x6jkir203ruh,298731
evt_kde4r9qbvpbn,usr_kfs05jqx3w,2024-05-12T08:50:29.362,settings_change,,ses_x6jkir203ruh,260129
evt_um48l9jeknw1,usr_kfs05jqx3w,2023-07-04T10:47:29.231,checkout_start,,ses_x6jkir203ruh,277078
evt_9t3j3l13o58f,usr_kfs05jqx3w,2025-04-29T00:05:36.918,profile_view,,ses_x6jkir203ruh,37683
evt_u9i5u5i8an9n,usr_kfs05jqx3w,2024-02-24T15:18:58.562,video_play,,ses_x6jkir203ruh,1383061
evt_u0na6bfuayw7,usr_kfs05jqx3w,2025-03-17T08:32:58.052,app_open,,ses_ep1ujhzomn3p,3067186
evt_z6pg465k0205,usr_kfs05jqx3w,2023-09-02T16:45:13.477,video_play,,ses_ep1ujhzomn3p,2015243
evt_mz0911lu7nby,usr_kfs05jqx3w,2023-11-21T19:12:37.075,checkout_complete,,ses_2hmdoqgz27zs,219738
evt_rbmligvqfw2l,usr_kfs05jqx3w,2024-07-31T08:38:53.362,checkout_complete,,ses_2hmdoqgz27zs,39657
evt_k0oxq6iv77wm,usr_kfs05jqx3w,2023-10-16T15:19:53.765,checkout_start,,ses_2hmdoqgz27zs,134603
evt_3gnimy6ge5rf,usr_kfs05jqx3w,2024-02-21T05:25:06.934,search,,ses_2hmdoqgz27zs,7414
evt_771huxqd4bkz,usr_kfs05jqx3w,2023-10-23T19:33:59.809,app_open,,ses_2hmdoqgz27zs,1285187
evt_4wce3p30thrk,usr_kfs05jqx3w,2024-06-06T10:06:31.582,profile_view,,ses_2hmdoqgz27zs,138884
evt_sfhm4w3gifuf,usr_kfs05jqx3w,2024-02-17T02:20:19.355,checkout_complete,,ses_q327r7redtug,231172
evt_1d6rzeiplt37,usr_kfs05jqx3w,2024-01-31T22:26:59.387,video_play,,ses_q327r7redtug,1812109
evt_zxw1x611cnn0,usr_kfs05jqx3w,2023-03-12T08:31:32.712,search,,ses_q327r7redtug,152218
evt_k35iy7co3ptn,usr_kfs05jqx3w,2023-06-03T14:16:05.734,search,,ses_q327r7redtug,295645
evt_ulojsv15nzw7,usr_kfs05jqx3w,2024-01-02T14:09:09.318,checkout_start,,ses_q327r7redtug,270038
evt_7xq6kyyxxta6,usr_kfs05jqx3w,2024-11-12T13:35:06.691,settings_change,,ses_q327r7redtug,242497
evt_890p3dcuaujx,usr_kfs05jqx3w,2023-07-02T11:09:40.416,app_open,,ses_q327r7redtug,1621691
evt_zu2nojsd9q5r,usr_kfs05jqx3w,2025-05-15T05:30:17.302,checkout_complete,,ses_q327r7redtug,3141
evt_m36fcpq5jid3,usr_kfs05jqx3w,2023-12-15T16:28:10.356,content_share,,ses_q327r7redtug,296457
evt_tu0npqukubtk,usr_kfs05jqx3w,2023-04-19T07:11:20.585,profile_view,,ses_a1e10sl0j4gh,190732
evt_fnjjlj0govcd,usr_kfs05jqx3w,2023-06-05T03:14:50.619,notification_click,,ses_a1e10sl0j4gh,
evt_k0vfqw5jzt22,usr_kfs05jqx3w,2024-01-28T22:31:49.968,settings_change,,ses_a1e10sl0j4gh,97246
evt_oef9nvabxftq,usr_kfs05jqx3w,2023-08-07T17:20:33.807,checkout_complete,,ses_a1e10sl0j4gh,97563
evt_8qjzw1eafb6w,usr_x5massnp7u,2025-04-24T05:28:59.379,feature_click,video_player,ses_727e4em486rf,163925
evt_gqvotbrar0ib,usr_x5massnp7u,2025-05-10T01:51:41.168,search,,ses_727e4em486rf,9285
evt_xrz1h48ur53v,usr_x5massnp7u,2025-04-06T03:44:52.309,content_share,,ses_727e4em486rf,140481
evt_a1obr5nafqdf,usr_x5massnp7u,2025-05-12T06:05:38.465,feature_click,checkout,ses_727e4em486rf,192279
evt_1uw0dd97gu8l,usr_x5massnp7u,2025-03-27T22:10:18.721,checkout_complete,,ses_727e4em486rf,189970
evt_qscqutlqpf29,usr_x5massnp7u,2025-04-04T17:31:54.455,checkout_start,,ses_727e4em486rf,29692
evt_8mecwniif20g,usr_x5massnp7u,2025-03-31T06:16:52.805,checkout_complete,,ses_727e4em486rf,182892
evt_wfe2jn10glmd,usr_x5massnp7u,2025-04-13T05:06:29.259,checkout_complete,,ses_7ymz1ez1gmx5,231308
evt_2l9fgxn2vxbg,usr_x5massnp7u,2025-02-09T22:04:19.283,profile_view,,ses_7ymz1ez1gmx5,272491
evt_k5tdjvlrazoz,usr_x5massnp7u,2025-01-17T02:55:49.341,video_play,,ses_7ymz1ez1gmx5,1208697
evt_s22bkfxk2nmk,usr_x5massnp7u,2025-03-23T00:02:15.663,checkout_start,,ses_7ymz1ez1gmx5,226828
evt_j7wfjs2b12s0,usr_x5massnp7u,2025-02-04T20:08:06.520,app_open,,ses_7ymz1ez1gmx5,1749215
evt_qn6qmx6p36la,usr_5krqbii6g2,2025-04-28T07:32:19.631,profile_view,,ses_jh1til8t5x9o,155273
evt_mzwvo9v5ltl9,usr_5krqbii6g2,2025-05-15T20:04:01.002,checkout_start,,ses_jh1til8t5x9o,244239
evt_qzxedpo9v42z,usr_5krqbii6g2,2025-04-06T16:16:10.528,checkout_complete,,ses_jh1til8t5x9o,281924
evt_q70dllp87pw4,usr_5krqbii6g2,2025-05-16T15:46:56.241,search,,ses_jh1til8t5x9o,99534
evt_nbis3laqgihb,usr_5krqbii6g2,2025-04-13T05:11:28.079,checkout_complete,,ses_jh1til8t5x9o,294535
evt_cawndut0m32a,usr_5krqbii6g2,2025-04-01T03:23:08.608,search,,ses_jh1til8t5x9o,178570
evt_t6kr7fq8ezud,usr_5krqbii6g2,2025-05-20T20:38:18.961,checkout_start,,ses_jh1til8t5x9o,73824
evt_q1ld0ze9qq4w,usr_5krqbii6g2,2025-04-17T15:27:02.872,settings_change,,ses_jh1til8t5x9o,10230
evt_qfh1dt1nraoe,usr_5krqbii6g2,2025-05-01T16:22:16.883,notification_click,,ses_jh1til8t5x9o,
evt_hck65r66nuzh,usr_5krqbii6g2,2025-03-31T20:06:44.899,profile_view,,ses_jh1til8t5x9o,47874
evt_eb9ztl2amd6g,usr_5krqbii6g2,2025-04-23T18:12:15.029,checkout_complete,,ses_jh1til8t5x9o,190502
evt_ej8rqptq67eu,usr_5krqbii6g2,2025-05-19T10:54:08.380,app_open,,ses_jh1til8t5x9o,1186362
evt_9vyffqix5fxs,usr_5krqbii6g2,2025-04-18T19:35:06.480,settings_change,,ses_4r2eqaj6976j,234715
evt_77r351d5lz9b,usr_5krqbii6g2,2025-04-15T08:00:02.179,search,,ses_4r2eqaj6976j,183621
evt_riss3p94nmt4,usr_5krqbii6g2,2025-03-29T17:50:54.767,settings_change,,ses_4r2eqaj6976j,253801
evt_7rawfitmgyge,usr_5krqbii6g2,2025-03-30T03:21:20.769,settings_change,,ses_ndf3e0ynbt0g,17125
evt_xud6g6m4toip,usr_5krqbii6g2,2025-03-30T17:41:03.468,settings_change,,ses_ndf3e0ynbt0g,181092
evt_aw9fr6ldo535,usr_5krqbii6g2,2025-04-10T15:31:22.937,video_play,,ses_ndf3e0ynbt0g,190963
evt_hheah8nk6b8g,usr_5krqbii6g2,2025-05-09T14:55:26.022,profile_view,,ses_ndf3e0ynbt0g,136043
evt_6tlxoe5qxfhj,usr_5krqbii6g2,2025-05-20T05:59:35.171,settings_change,,ses_ndf3e0ynbt0g,277292
evt_hj0wufm9fs9r,usr_5krqbii6g2,2025-03-31T02:54:28.526,settings_change,,ses_ndf3e0ynbt0g,290201
evt_o7ztjivy3v9j,usr_5krqbii6g2,2025-04-13T16:24:29.246,search,,ses_t0dvuh3xuaav,229618
evt_7o2g5jrd5jtk,usr_v291d8hvtd,2025-04-08T19:28:12.204,profile_view,,ses_9oqon8ycpr6i,287757
evt_g7umeuubclzb,usr_v291d8hvtd,2025-05-06T14:06:34.653,settings_change,,ses_9oqon8ycpr6i,249481
evt_8yfga36rdg4j,usr_v291d8hvtd,2025-04-30T12:39:47.050,checkout_complete,,ses_9oqon8ycpr6i,126025
evt_hj1o884qhwke,usr_v291d8hvtd,2025-04-10T09:11:05.472,checkout_start,,ses_9oqon8ycpr6i,97853
evt_te4ucak6tufm,usr_v291d8hvtd,2025-02-22T04:42:24.246,search,,ses_9oqon8ycpr6i,67455
evt_j1esruvn5geu,usr_v291d8hvtd,2025-04-13T08:01:26.970,search,,ses_9oqon8ycpr6i,23036
evt_nz1bvu80fr1l,usr_v291d8hvtd,2025-02-27T15:47:49.703,settings_change,,ses_9oqon8ycpr6i,54153
evt_6vjl0ajrznr6,usr_v291d8hvtd,2025-03-17T17:24:17.678,notification_click,,ses_9oqon8ycpr6i,
evt_u522ytvnn4ao,usr_v291d8hvtd,2025-04-18T06:09:16.070,checkout_start,,ses_te5mc1iwfje0,257362
evt_bft9wgjz5kuo,usr_v291d8hvtd,2025-02-24T07:04:56.590,profile_view,,ses_te5mc1iwfje0,187967
evt_40jyrfcpd6lm,usr_v291d8hvtd,2025-03-10T07:08:59.586,settings_change,,ses_te5mc1iwfje0,136735
evt_p2nfqjf9s5ut,usr_v291d8hvtd,2025-03-09T05:19:01.381,video_play,,ses_te5mc1iwfje0,276807
evt_jdh6iis0qbfm,usr_v291d8hvtd,2025-03-04T20:44:35.275,checkout_start,,ses_te5mc1iwfje0,146970
evt_elheo257vc18,usr_v291d8hvtd,2025-05-18T13:20:52.351,notification_click,,ses_te5mc1iwfje0,
evt_3ya30u9jahii,usr_v291d8hvtd,2025-03-14T05:18:28.707,checkout_start,,ses_te5mc1iwfje0,33971
evt_3xvoujjtkio2,usr_v291d8hvtd,2025-03-07T21:17:21.597,checkout_start,,ses_te5mc1iwfje0,98387
evt_pfzocv2sacuk,usr_v291d8hvtd,2025-02-22T01:35:30.081,search,,ses_te5mc1iwfje0,76752
evt_hpmuklefsnif,usr_v291d8hvtd,2025-03-25T15:48:25.883,search,,ses_te5mc1iwfje0,19706
evt_g9m4wwjkkwc0,usr_v291d8hvtd,2025-03-01T03:08:57.864,checkout_start,,ses_4ae91gza80jg,1001
evt_zsetsw35ss8m,usr_v291d8hvtd,2025-05-02T22:02:57.563,settings_change,,ses_4ae91gza80jg,248103
evt_t6g2rkoimfn2,usr_v291d8hvtd,2025-03-24T22:28:22.498,profile_view,,ses_4ae91gza80jg,234430
evt_qkkgt3ioornr,usr_v291d8hvtd,2025-04-07T17:10:01.568,checkout_complete,,ses_4ae91gza80jg,125920
evt_3v0zk5k3q6nx,usr_v291d8hvtd,2025-03-19T06:10:38.426,feature_click,profile,ses_4ae91gza80jg,257240
evt_76bny1pclto1,usr_v291d8hvtd,2025-04-17T21:12:33.850,feature_click,settings,ses_4ae91gza80jg,78012
evt_uhc34j6itcls,usr_v291d8hvtd,2025-03-14T17:50:38.381,checkout_start,,ses_ij3jflohjlbw,231207
evt_9uu5823dmud1,usr_v291d8hvtd,2025-04-24T14:15:36.165,feature_click,profile,ses_2f6xy4fcthum,13472
evt_qw73j4ah99pf,usr_v291d8hvtd,2025-04-11T17:57:30.593,settings_change,,ses_2f6xy4fcthum,226774
evt_0km3iqlc3ldt,usr_v291d8hvtd,2025-05-20T18:41:24.406,video_play,,ses_2f6xy4fcthum,396936
evt_oozddsxmbe70,usr_v291d8hvtd,2025-04-28T15:50:10.397,content_share,,ses_078vjlt0dqq0,54832
evt_h7sdd77j24t3,usr_v291d8hvtd,2025-05-01T01:20:27.170,app_open,,ses_078vjlt0dqq0,1238773
evt_k9d7x638mcke,usr_v291d8hvtd,2025-04-05T02:54:18.621,checkout_complete,,ses_mm073z12qaoi,85248
evt_6ud4crhzix4l,usr_v291d8hvtd,2025-02-22T23:46:31.758,content_share,,ses_mm073z12qaoi,183251
evt_2z4n1aofv363,usr_v291d8hvtd,2025-05-06T06:32:55.120,video_play,,ses_qzb3s0osi787,1780865
evt_455tnovaw7he,usr_v291d8hvtd,2025-04-01T11:59:36.464,settings_change,,ses_o0e6ks2h7q3g,82341
evt_xzdhboytshxc,usr_v291d8hvtd,2025-03-18T04:02:12.205,search,,ses_o0e6ks2h7q3g,122573
evt_vzvof21jzyds,usr_v291d8hvtd,2025-05-03T06:09:18.980,content_share,,ses_o0e6ks2h7q3g,284598
evt_wx8u1j4q4fsg,usr_2iy6so0sd7,2023-12-28T01:08:53.799,profile_view,,ses_ck7467k5zdw7,14375
evt_v5j9w8pk3n3n,usr_2iy6so0sd7,2024-08-18T14:54:09.704,app_open,,ses_ck7467k5zdw7,3434872
evt_uq1ztp5wopz8,usr_2iy6so0sd7,2024-09-03T21:19:58.227,notification_click,,ses_ck7467k5zdw7,
evt_gspd927k1ocg,usr_2iy6so0sd7,2024-10-04T09:14:56.938,content_share,,ses_ck7467k5zdw7,193051
evt_dur7e1f93bav,usr_2iy6so0sd7,2025-05-08T05:03:20.843,feature_click,messages,ses_ck7467k5zdw7,201358
evt_s7echhndzvwb,usr_2iy6so0sd7,2024-01-04T13:46:18.616,search,,ses_ck7467k5zdw7,77786
evt_1ramd1vektx1,usr_2iy6so0sd7,2024-03-19T10:12:30.213,app_open,,ses_ck7467k5zdw7,243662
evt_zoiuc4oobrf0,usr_2iy6so0sd7,2025-03-31T04:16:36.885,search,,ses_ck7467k5zdw7,74026
evt_rhzk89r61b2s,usr_2iy6so0sd7,2024-12-20T07:36:11.278,notification_click,,ses_ck7467k5zdw7,
evt_jhdg9eerxwtn,usr_2iy6so0sd7,2024-09-26T19:09:27.930,checkout_complete,,ses_ck7467k5zdw7,263807
evt_4r6z8vq3wopy,usr_2iy6so0sd7,2024-01-30T04:57:16.697,notification_click,,ses_ck7467k5zdw7,
evt_zr6dm1lzzg0a,usr_2iy6so0sd7,2025-04-03T02:06:40.443,content_share,,ses_ck7467k5zdw7,57148
evt_ytnclg2hdlx3,usr_2iy6so0sd7,2024-03-13T07:05:19.805,content_share,,ses_ger7g25ig1d4,155212
evt_2h02jdu9ujqb,usr_2iy6so0sd7,2024-01-29T04:44:15.547,video_play,,ses_ger7g25ig1d4,3169987
evt_f6bh3qtgj4jn,usr_2iy6so0sd7,2025-03-15T21:13:15.207,feature_click,feed,ses_ger7g25ig1d4,165894
evt_uypvuvu9xuy9,usr_2iy6so0sd7,2025-02-11T12:12:45.112,checkout_start,,ses_ger7g25ig1d4,139193
evt_q63ixvh69uo9,usr_2iy6so0sd7,2023-12-29T20:29:07.760,checkout_start,,ses_ger7g25ig1d4,196201
evt_m4y8hzmkntku,usr_2iy6so0sd7,2024-06-04T18:09:11.956,feature_click,settings,ses_ger7g25ig1d4,177577
evt_2fr4phyorojc,usr_2iy6so0sd7,2025-01-24T02:13:11.456,profile_view,,ses_ger7g25ig1d4,262659
evt_kdmmwp38k90z,usr_2iy6so0sd7,2024-04-01T14:44:01.324,content_share,,ses_ger7g25ig1d4,11829
evt_o7bfj5w54yve,usr_2iy6so0sd7,2024-07-30T19:31:47.489,notification_click,,ses_citfafo0gcy3,
evt_qsym3vs97qaj,usr_2iy6so0sd7,2024-10-07T07:42:45.796,video_play,,ses_citfafo0gcy3,87418
evt_ffkzd7t36c5k,usr_2iy6so0sd7,2024-09-02T02:17:35.612,profile_view,,ses_citfafo0gcy3,55776
evt_ibe365m30tlt,usr_2iy6so0sd7,2024-01-22T19:14:09.857,feature_click,search,ses_citfafo0gcy3,137611
evt_at6f7l2c5zjy,usr_2iy6so0sd7,2025-03-24T20:22:17.322,search,,ses_6jnmma4zrv19,178155
evt_g3ut40h4e92n,usr_2iy6so0sd7,2024-09-28T08:54:28.853,checkout_complete,,ses_6jnmma4zrv19,224525
evt_o1x2ujb0a4u8,usr_l03d6dz1ve,2025-01-25T20:41:16.520,checkout_complete,,ses_7v0xpxl46a1r,226156
evt_eve5ayvoxo6n,usr_l03d6dz1ve,2024-01-19T15:47:27.164,search,,ses_7v0xpxl46a1r,140151
evt_ht78iblttkhg,usr_l03d6dz1ve,2024-04-12T16:19:43.055,profile_view,,ses_7v0xpxl46a1r,282412
evt_dj9oc407818p,usr_l03d6dz1ve,2024-12-03T03:26:53.952,feature_click,help_center,ses_7v0xpxl46a1r,257257
evt_ciekaf277xnb,usr_l03d6dz1ve,2024-11-16T21:09:40.106,profile_view,,ses_7v0xpxl46a1r,231020
evt_6fgsbf9rh7xd,usr_l03d6dz1ve,2023-07-29T12:17:52.856,feature_click,notifications,ses_7v0xpxl46a1r,10130
evt_x8e0njfsdeeq,usr_l03d6dz1ve,2023-07-05T17:25:07.126,settings_change,,ses_mjz7kf4q11c8,201706
evt_6qy372zzzrmm,usr_l03d6dz1ve,2024-04-12T05:01:41.226,app_open,,ses_0w428oj75cwc,2291624
evt_2lcymxq3pj4p,usr_l03d6dz1ve,2023-09-11T15:29:21.073,settings_change,,ses_0w428oj75cwc,200696
evt_ce12vydhudho,usr_l03d6dz1ve,2023-11-04T06:35:05.176,search,,ses_zvgbbg8a56ym,111665
evt_k54uqydvt5ya,usr_l03d6dz1ve,2024-04-03T08:55:34.964,profile_view,,ses_tm80r6ae0brp,198504
evt_e72vib7wxphz,usr_l03d6dz1ve,2024-03-21T15:34:36.329,notification_click,,ses_tm80r6ae0brp,
evt_7w0ymeea20xp,usr_l03d6dz1ve,2024-07-22T00:40:48.625,video_play,,ses_hmbxhz77qsrd,1882821
evt_g6hjkqse483r,usr_l03d6dz1ve,2023-07-02T13:53:28.530,content_share,,ses_hmbxhz77qsrd,55268
evt_61hq9p98jx3n,usr_l03d6dz1ve,2024-10-05T07:28:39.204,video_play,,ses_hmbxhz77qsrd,287874
evt_poespcxl1lol,usr_l03d6dz1ve,2024-02-19T18:40:34.068,feature_click,messages,ses_hmbxhz77qsrd,77072
evt_epcdxnjgo2yg,usr_l03d6dz1ve,2024-10-28T16:05:26.668,settings_change,,ses_hmbxhz77qsrd,114102
evt_zojijzmwnf1e,usr_l03d6dz1ve,2025-04-14T23:20:43.447,content_share,,ses_hmbxhz77qsrd,243988
evt_5d25sl0sceki,usr_l03d6dz1ve,2025-01-03T15:54:25.333,settings_change,,ses_hmbxhz77qsrd,140811
evt_4le1484em0c4,usr_l03d6dz1ve,2024-10-24T16:00:27.576,checkout_complete,,ses_hmbxhz77qsrd,26980
evt_doldkb92o4ii,usr_l03d6dz1ve,2025-05-02T19:24:44.024,feature_click,video_player,ses_hmbxhz77qsrd,256523
evt_9mq6c3owvi2s,usr_l03d6dz1ve,2024-09-14T14:35:41.965,content_share,,ses_hmbxhz77qsrd,128131
evt_ejqsjoq10q8e,usr_l03d6dz1ve,2023-09-11T20:19:21.930,feature_click,messages,ses_hmbxhz77qsrd,56099
evt_c4hweg49611i,usr_l03d6dz1ve,2024-11-13T02:48:34.087,profile_view,,ses_hmbxhz77qsrd,96709
evt_rc84jrh5u0l6,usr_l03d6dz1ve,2024-01-04T21:19:40.838,profile_view,,ses_eo252opa047o,255812
evt_1h1dacmzpa5f,usr_l03d6dz1ve,2024-11-22T00:44:54.468,checkout_complete,,ses_eo252opa047o,128102
evt_pff37su563y1,usr_l03d6dz1ve,2025-05-20T15:58:49.927,app_open,,ses_eo252opa047o,427216
evt_ry7rydu2b8o2,usr_l03d6dz1ve,2023-09-27T20:17:45.909,profile_view,,ses_eo252opa047o,130007
evt_xz7vj4coyd2h,usr_l03d6dz1ve,2024-08-26T22:29:04.115,feature_click,search,ses_eo252opa047o,299486
evt_j0cz4wxouojk,usr_l03d6dz1ve,2024-08-28T13:18:29.584,settings_change,,ses_eo252opa047o,242441
evt_3hc4c8rkie1n,usr_l03d6dz1ve,2023-11-14T03:06:22.724,content_share,,ses_t0ddgiybu7y4,290990
evt_6l7xr5v9zby2,usr_l03d6dz1ve,2024-05-01T17:34:33.591,checkout_complete,,ses_t0ddgiybu7y4,38749
evt_t266lag7tt6n,usr_l03d6dz1ve,2023-10-20T15:29:20.850,video_play,,ses_t0ddgiybu7y4,2779061
evt_foq7x6txbqav,usr_l03d6dz1ve,2025-05-04T15:46:54.951,feature_click,feed,ses_t0ddgiybu7y4,272225
evt_pt9myuu0ep3t,usr_l03d6dz1ve,2024-08-08T08:39:22.779,profile_view,,ses_t0ddgiybu7y4,243611
evt_1fgju9l2e24f,usr_l03d6dz1ve,2024-12-28T02:22:05.826,settings_change,,ses_t0ddgiybu7y4,193022
evt_pnn3frnxp1vx,usr_l03d6dz1ve,2025-03-15T08:17:21.551,profile_view,,ses_vkneo18a3ees,293537
evt_ee3xy3zqm039,usr_ft969so0un,2024-09-05T01:32:28.824,profile_view,,ses_sxdubrnqw0ci,94966
evt_o52h61mazyhz,usr_ft969so0un,2025-03-29T23:00:03.500,feature_click,search,ses_sxdubrnqw0ci,45234
evt_xcdgfp4om3rd,usr_ft969so0un,2025-01-17T13:47:28.717,settings_change,,ses_sxdubrnqw0ci,70508
evt_m685zuhoq1j9,usr_ft969so0un,2024-09-24T10:38:58.848,app_open,,ses_aoj1mpun88r3,2666118
evt_49k27mrj1szn,usr_ft969so0un,2024-10-30T23:32:57.683,notification_click,,ses_aoj1mpun88r3,
evt_f9zfsss0s29k,usr_ft969so0un,2024-10-11T18:48:17.667,notification_click,,ses_aoj1mpun88r3,
evt_mcseoaztj3ss,usr_ft969so0un,2025-03-11T13:26:34.025,feature_click,help_center,ses_aoj1mpun88r3,129741
evt_an48na8je69p,usr_ft969so0un,2025-02-15T00:09:17.063,app_open,,ses_aoj1mpun88r3,2534924
evt_rcyhomv826zj,usr_ft969so0un,2025-01-14T14:20:39.252,search,,ses_aoj1mpun88r3,288415
evt_5xqaq8jxnuf2,usr_ft969so0un,2024-11-07T04:30:00.232,checkout_complete,,ses_aoj1mpun88r3,298842
evt_dkr05b192gj7,usr_ft969so0un,2024-10-09T02:45:27.443,search,,ses_x0hstsstxlxg,104323
evt_nkwzbkzvo2tw,usr_ft969so0un,2025-04-20T00:44:19.380,settings_change,,ses_x0hstsstxlxg,263018
evt_62cme4n509gf,usr_ft969so0un,2024-10-14T05:41:39.682,settings_change,,ses_x0hstsstxlxg,100673
evt_otqvyf7oqb6k,usr_ft969so0un,2024-11-06T03:48:45.346,video_play,,ses_x0hstsstxlxg,427219
evt_pb47444sk1p5,usr_ft969so0un,2024-12-13T04:05:05.093,notification_click,,ses_x0hstsstxlxg,
evt_eiyqsqe0bqn5,usr_ft969so0un,2024-10-06T10:24:15.579,video_play,,ses_x0hstsstxlxg,2812000
evt_zlll9tu6m75d,usr_ft969so0un,2024-12-27T13:37:01.613,content_share,,ses_x0hstsstxlxg,226473
evt_l958jc6f6t0t,usr_ft969so0un,2024-10-01T23:32:10.583,checkout_complete,,ses_x0hstsstxlxg,41701
evt_bi5afztdshqo,usr_ft969so0un,2025-04-26T09:58:25.585,feature_click,video_player,ses_0h1gj0sx5rua,144535
evt_ltkkq1c2cn72,usr_ft969so0un,2024-11-17T17:13:45.478,notification_click,,ses_0h1gj0sx5rua,
evt_5s3vhst09z5y,usr_ft969so0un,2025-05-19T01:43:56.251,app_open,,ses_0h1gj0sx5rua,919612
evt_ot7q937mwb8g,usr_ft969so0un,2024-11-19T18:06:01.870,settings_change,,ses_0h1gj0sx5rua,239905
evt_rsc9txs2k3jd,usr_ft969so0un,2025-01-05T21:49:03.560,settings_change,,ses_0h1gj0sx5rua,7016
evt_cg985sigjg5d,usr_ft969so0un,2025-05-06T08:35:47.324,search,,ses_0h1gj0sx5rua,278339
evt_bnn4b38oa6j2,usr_ft969so0un,2025-01-13T13:30:11.580,settings_change,,ses_0h1gj0sx5rua,278290
evt_fn9lzq3da8kx,usr_ft969so0un,2025-01-28T13:33:30.567,video_play,,ses_yf74jyib7gc5,2594543
evt_qw9yw93cvgcx,usr_ft969so0un,2024-12-12T00:18:10.784,search,,ses_yf74jyib7gc5,287133
evt_lf8flw05acbl,usr_ft969so0un,2025-02-02T19:36:14.089,checkout_complete,,ses_yf74jyib7gc5,274887
evt_1wk3uausf5fn,usr_ft969so0un,2024-12-03T18:24:20.518,content_share,,ses_yf74jyib7gc5,153235
evt_hnkq4vqletii,usr_ft969so0un,2024-10-19T02:58:48.443,search,,ses_yf74jyib7gc5,238590
evt_m1rmr52xeyiv,usr_ft969so0un,2024-12-20T12:14:50.357,app_open,,ses_yf74jyib7gc5,1988439
evt_oi8h023eftsz,usr_ft969so0un,2024-10-22T11:24:21.156,settings_change,,ses_yf74jyib7gc5,51736
evt_el36eai7zduo,usr_ft969so0un,2025-04-08T23:26:23.216,checkout_start,,ses_007kppwlvoew,197630
evt_0w7f5nyh4r0c,usr_ft969so0un,2025-05-07T07:27:26.833,app_open,,ses_007kppwlvoew,76271
evt_soledjjfrtm7,usr_ft969so0un,2025-03-30T20:25:08.371,video_play,,ses_007kppwlvoew,463932
evt_775bdoj0t2k5,usr_ft969so0un,2025-04-28T15:20:33.400,content_share,,ses_007kppwlvoew,291191
evt_pf1m8mfjldta,usr_ft969so0un,2025-04-06T20:31:23.942,settings_change,,ses_qgztdw3hv4r7,252357
evt_u0hkq49j4it0,usr_zm73emvbkp,2025-05-20T06:03:22.748,checkout_complete,,ses_ka7d630smpjy,66129
evt_ez0h67rei4oy,usr_zm73emvbkp,2025-05-20T19:45:15.091,notification_click,,ses_ka7d630smpjy,
evt_9qkmqxdmqihp,usr_zm73emvbkp,2025-05-20T11:29:54.135,profile_view,,ses_ka7d630smpjy,197825
evt_on9rf5l17x1r,usr_zm73emvbkp,2025-05-12T21:30:34.087,checkout_start,,ses_ka7d630smpjy,175485
evt_0hj3dt4j1fs7,usr_zm73emvbkp,2025-05-13T00:47:24.856,settings_change,,ses_ka7d630smpjy,68677
evt_fi3taxg3h7n8,usr_zm73emvbkp,2025-05-17T03:12:13.334,notification_click,,ses_ka7d630smpjy,
evt_m1exqf4yre9o,usr_zm73emvbkp,2025-05-15T00:37:38.210,profile_view,,ses_ka7d630smpjy,200096
evt_0waaf113d7yw,usr_zm73emvbkp,2025-05-20T06:41:11.830,profile_view,,ses_ka7d630smpjy,288715
evt_g2yu83lyrtvz,usr_zm73emvbkp,2025-05-17T10:19:12.937,notification_click,,ses_ka7d630smpjy,
evt_444oulvccb9l,usr_zm73emvbkp,2025-05-18T22:52:20.561,content_share,,ses_wvur4mo87hne,218080
evt_rctb3te9rcgp,usr_zm73emvbkp,2025-05-17T21:18:13.214,profile_view,,ses_wvur4mo87hne,56811
evt_ebsd95hel77q,usr_zm73emvbkp,2025-05-17T15:52:56.053,notification_click,,ses_wvur4mo87hne,
evt_w4vkyqu8h496,usr_zm73emvbkp,2025-05-12T16:32:05.247,settings_change,,ses_wvur4mo87hne,89728
evt_es93o5qdm5cd,usr_zm73emvbkp,2025-05-13T15:25:14.278,content_share,,ses_wvur4mo87hne,174015
evt_g341jet56tml,usr_zm73emvbkp,2025-05-14T21:42:55.501,video_play,,ses_wvur4mo87hne,2618581
evt_p3qnghljs5wy,usr_zm73emvbkp,2025-05-17T05:28:50.882,checkout_complete,,ses_wvur4mo87hne,247389
evt_z2q9cjfyjmpa,usr_zm73emvbkp,2025-05-18T21:41:00.644,settings_change,,ses_a9690ocbzvtt,227533
evt_oatk4zakfr8w,usr_zm73emvbkp,2025-05-17T19:23:10.133,content_share,,ses_a9690ocbzvtt,167913
evt_fz98imyai1s7,usr_zm73emvbkp,2025-05-20T02:09:36.910,feature_click,notifications,ses_a9690ocbzvtt,297166
evt_2dzirr4yyxte,usr_zm73emvbkp,2025-05-11T22:37:58.141,notification_click,,ses_a9690ocbzvtt,
evt_xfpghpahlbxa,usr_zm73emvbkp,2025-05-12T06:37:35.103,video_play,,ses_a9690ocbzvtt,1680002
evt_6ii34s1avjlo,usr_zm73emvbkp,2025-05-20T04:55:42.909,app_open,,ses_a9690ocbzvtt,832871
evt_15okrzrwae4b,usr_zm73emvbkp,2025-05-13T10:50:51.308,checkout_complete,,ses_a9690ocbzvtt,194986
evt_8v6147xwd0v2,usr_zm73emvbkp,2025-05-12T02:15:55.511,checkout_complete,,ses_a9690ocbzvtt,16241
evt_cbbv0wd6hp2v,usr_zm73emvbkp,2025-05-12T16:33:40.076,video_play,,ses_3celtwlbl719,130453
evt_tyjyutj8toan,usr_zm73emvbkp,2025-05-16T19:30:06.636,checkout_complete,,ses_3celtwlbl719,176182
evt_bkwvnhrk89dv,usr_zm73emvbkp,2025-05-16T12:26:00.287,search,,ses_3celtwlbl719,201987
evt_yw2xgqz5lxz7,usr_zm73emvbkp,2025-05-14T08:42:23.738,feature_click,video_player,ses_f6o63g3i8wk1,150603
evt_n6ke1bhc7fql,usr_zm73emvbkp,2025-05-13T04:41:39.002,video_play,,ses_hy0zj1bxeq8l,2027054
evt_yckm4ap8k9bx,usr_ttdvie2cu8,2025-04-03T09:17:07.492,notification_click,,ses_dcm9sygfmmx5,
evt_w6lwxbf4ufy1,usr_ttdvie2cu8,2024-10-11T21:05:04.838,notification_click,,ses_dcm9sygfmmx5,
evt_sqnvf5thvrl4,usr_ttdvie2cu8,2025-02-09T02:29:54.346,content_share,,ses_dcm9sygfmmx5,141427
evt_rbd6x5xly1py,usr_ttdvie2cu8,2024-09-30T14:35:54.437,content_share,,ses_dcm9sygfmmx5,216965
evt_1vq2kbodsrts,usr_ttdvie2cu8,2024-08-04T22:22:40.773,feature_click,messages,ses_4cuvaoo5f2mf,5194
evt_39r0v2k5n59v,usr_ttdvie2cu8,2025-01-01T11:58:29.254,notification_click,,ses_4cuvaoo5f2mf,
evt_atc2h62sms72,usr_ttdvie2cu8,2025-03-15T19:21:10.695,feature_click,homepage,ses_4cuvaoo5f2mf,266994
evt_fsgwmju7aszl,usr_ttdvie2cu8,2024-12-21T15:25:32.632,app_open,,ses_4cuvaoo5f2mf,2507574
evt_ywt3ricv3gue,usr_7876zyrwyv,2025-04-15T13:08:31.323,settings_change,,ses_tyl90zfbdvsw,49548
evt_k7ff6270rxxa,usr_7876zyrwyv,2025-04-18T19:02:10.526,settings_change,,ses_tyl90zfbdvsw,77168
evt_cjlnyd07lp4j,usr_7876zyrwyv,2025-04-10T19:08:05.758,notification_click,,ses_tyl90zfbdvsw,
evt_9b16v740cezo,usr_7876zyrwyv,2025-05-08T05:51:10.134,app_open,,ses_ezfshf7sms6e,708428
evt_simu7403x60d,usr_7876zyrwyv,2025-05-01T21:54:39.019,checkout_complete,,ses_ezfshf7sms6e,73926
evt_kpv1teycz333,usr_7876zyrwyv,2025-04-15T06:22:11.528,checkout_start,,ses_ezfshf7sms6e,8807
evt_rv7gbbz6tb24,usr_7876zyrwyv,2025-05-09T12:10:19.663,profile_view,,ses_qll642q7ldb8,212606
evt_i5uf7decjj2j,usr_7876zyrwyv,2025-04-07T22:57:46.784,notification_click,,ses_qll642q7ldb8,
evt_k6ewm5vux3yp,usr_7876zyrwyv,2025-05-15T03:51:09.409,feature_click,checkout,ses_z82pv07hw4tk,57257
evt_iqgg1gdz17o9,usr_7876zyrwyv,2025-03-23T11:52:03.692,app_open,,ses_z82pv07hw4tk,268703
evt_7zjgzgd9ob2o,usr_7876zyrwyv,2025-05-09T14:15:48.823,content_share,,ses_z82pv07hw4tk,177903
evt_o2vnojq7g704,usr_7876zyrwyv,2025-05-02T23:31:59.688,profile_view,,ses_z82pv07hw4tk,243293
evt_qudf7wjwem40,usr_7876zyrwyv,2025-03-24T18:01:14.593,app_open,,ses_z82pv07hw4tk,696969
evt_g1l9d6aovldy,usr_7876zyrwyv,2025-04-29T12:11:38.942,content_share,,ses_z82pv07hw4tk,208102
evt_kf9699zci69w,usr_7876zyrwyv,2025-03-31T00:14:58.908,notification_click,,ses_z82pv07hw4tk,
evt_sl68ia4jhlwc,usr_7876zyrwyv,2025-04-19T18:51:33.275,video_play,,ses_7iztzi42zopm,1811040
evt_cz986r5z6xtn,usr_7876zyrwyv,2025-04-14T07:24:35.629,notification_click,,ses_7iztzi42zopm,
evt_kauckmlllvww,usr_7876zyrwyv,2025-05-10T07:19:55.262,search,,ses_7iztzi42zopm,26122
evt_qemkip2cdt0h,usr_7876zyrwyv,2025-04-14T23:58:04.555,app_open,,ses_54cemb8y7uvm,415087
evt_zwdw34y4408e,usr_7876zyrwyv,2025-05-06T13:49:31.517,app_open,,ses_54cemb8y7uvm,2993646
evt_kvrg8bzuytxo,usr_7876zyrwyv,2025-04-06T11:35:45.982,video_play,,ses_vsqybf9eqizc,3593441
evt_2scr2yftlj9c,usr_7876zyrwyv,2025-04-14T21:03:31.461,profile_view,,ses_vsqybf9eqizc,92755
evt_itihbdcsq7qc,usr_7876zyrwyv,2025-05-14T23:12:48.881,checkout_start,,ses_vsqybf9eqizc,58138
evt_nbjumq4l3iou,usr_7876zyrwyv,2025-04-18T23:58:12.448,settings_change,,ses_vsqybf9eqizc,207435
evt_1etmp3ayuii4,usr_7876zyrwyv,2025-04-25T20:48:10.312,checkout_complete,,ses_sm73nhiwbv3d,39065
evt_kbdbkkz0umbo,usr_7876zyrwyv,2025-05-16T08:18:15.277,settings_change,,ses_sm73nhiwbv3d,21451
evt_dr1p4xzyqx9m,usr_7876zyrwyv,2025-04-16T04:12:59.223,settings_change,,ses_sm73nhiwbv3d,227679
evt_a2uw2nlyievn,usr_7876zyrwyv,2025-03-22T01:12:07.314,checkout_start,,ses_sm73nhiwbv3d,30773
evt_36trl0xjsct9,usr_7876zyrwyv,2025-05-10T06:48:59.761,checkout_start,,ses_sm73nhiwbv3d,70704
evt_vikwh7kjuwoh,usr_7876zyrwyv,2025-04-10T12:58:59.848,search,,ses_sm73nhiwbv3d,30599
evt_g1x64s2vy1ty,usr_7876zyrwyv,2025-05-20T22:48:12.485,notification_click,,ses_5put6td8ynxk,
evt_imokli05rkhv,usr_7876zyrwyv,2025-04-21T05:24:55.839,settings_change,,ses_5put6td8ynxk,279538
evt_p76c8vgbd5vk,usr_7876zyrwyv,2025-05-06T15:58:24.614,feature_click,video_player,ses_5put6td8ynxk,263967
evt_si6iw7y2oidn,usr_7876zyrwyv,2025-04-24T17:28:14.684,settings_change,,ses_5put6td8ynxk,271893
evt_23zjq7ffexo1,usr_7876zyrwyv,2025-04-11T18:42:05.470,notification_click,,ses_5put6td8ynxk,
evt_9zikxw82js0s,usr_jbisjvcryn,2023-11-02T15:51:14.316,video_play,,ses_qrpyb4gpyiup,1684604
evt_zt0215amvgqf,usr_jbisjvcryn,2024-09-15T09:35:24.882,profile_view,,ses_qrpyb4gpyiup,63766
evt_c13r5e6yhmk1,usr_jbisjvcryn,2024-12-26T06:18:26.817,profile_view,,ses_qrpyb4gpyiup,208285
evt_tdjkrm9d3fq4,usr_jbisjvcryn,2023-11-06T03:28:35.457,checkout_start,,ses_qrpyb4gpyiup,147348
evt_hlm8v1tj66h5,usr_jbisjvcryn,2024-07-19T12:56:53.876,content_share,,ses_qrpyb4gpyiup,100689
evt_dyv56ixpyagf,usr_jbisjvcryn,2024-12-17T01:59:00.365,video_play,,ses_qrpyb4gpyiup,2287959
evt_9ubqp90jzy3v,usr_jbisjvcryn,2025-03-25T15:42:40.021,profile_view,,ses_qrpyb4gpyiup,25926
evt_f3equxtspeax,usr_i80n3qk4nv,2023-11-01T10:07:38.921,content_share,,ses_nqx32m2q2e85,211389
evt_mdjhksbteutu,usr_i80n3qk4nv,2023-09-03T20:02:47.071,notification_click,,ses_nqx32m2q2e85,
evt_l6kh7qkyorha,usr_i80n3qk4nv,2024-03-23T19:06:44.798,feature_click,notifications,ses_nqx32m2q2e85,54451
evt_sihg21agf9dz,usr_i80n3qk4nv,2023-08-26T15:02:19.454,feature_click,feed,ses_nqx32m2q2e85,100959
evt_ftb20cd8en3x,usr_i80n3qk4nv,2023-09-18T12:52:55.870,app_open,,ses_nqx32m2q2e85,2520409
evt_96tg8ebeckbi,usr_i80n3qk4nv,2024-05-28T00:55:51.256,settings_change,,ses_nqx32m2q2e85,163487
evt_poz7rzzyiuz4,usr_i80n3qk4nv,2024-01-02T04:04:52.700,settings_change,,ses_nqx32m2q2e85,73240
evt_nm84yvzx9yt7,usr_i80n3qk4nv,2023-10-08T01:28:12.492,checkout_complete,,ses_nqx32m2q2e85,71032
evt_g38yfpqp77iq,usr_i80n3qk4nv,2025-01-28T15:54:58.807,video_play,,ses_nqx32m2q2e85,3341476
evt_lb6hojovq9r3,usr_i80n3qk4nv,2025-03-19T13:23:21.411,profile_view,,ses_nqx32m2q2e85,160183
evt_07a28ol7u2xw,usr_i80n3qk4nv,2024-05-23T17:34:28.098,app_open,,ses_nqx32m2q2e85,1704876
evt_a7c0nmvf27qh,usr_i80n3qk4nv,2024-06-03T14:29:39.205,feature_click,help_center,ses_nqx32m2q2e85,35261
evt_bv1t44ulgn0z,usr_i80n3qk4nv,2023-12-13T11:32:37.301,app_open,,ses_oh8kq29s3aj8,1290145
evt_at4jksw9eih6,usr_i80n3qk4nv,2023-11-15T01:10:17.551,content_share,,ses_oh8kq29s3aj8,269697
evt_u8czhcxn9jv7,usr_i80n3qk4nv,2024-04-15T23:29:06.360,app_open,,ses_oh8kq29s3aj8,2287605
evt_4delhbqkddyi,usr_i80n3qk4nv,2023-12-25T00:39:22.039,notification_click,,ses_oh8kq29s3aj8,
evt_hdq13yx8fcma,usr_i80n3qk4nv,2023-07-29T18:47:04.163,video_play,,ses_oh8kq29s3aj8,3568705
evt_cw13ai8c4j95,usr_i80n3qk4nv,2024-02-13T12:07:57.382,search,,ses_oh8kq29s3aj8,63062
evt_73vwbt7iklwl,usr_i80n3qk4nv,2024-07-23T21:47:01.971,notification_click,,ses_oh8kq29s3aj8,
evt_tl2clgaq94w8,usr_i80n3qk4nv,2024-11-26T17:45:52.183,video_play,,ses_oh8kq29s3aj8,897032
evt_gexc1x5p3s1g,usr_vmygk9t4r5,2024-11-29T19:56:13.131,profile_view,,ses_0zm17v4t3dk5,131157
evt_kfa3ap4mybvj,usr_vmygk9t4r5,2024-08-26T23:18:52.191,settings_change,,ses_0zm17v4t3dk5,265762
evt_i9uoi6ubtix0,usr_vmygk9t4r5,2025-02-15T18:28:36.400,app_open,,ses_0zm17v4t3dk5,702643
evt_r8sk7wjsuan0,usr_vmygk9t4r5,2024-12-18T13:27:27.998,checkout_start,,ses_0zm17v4t3dk5,211976
evt_ov3pjy74yv51,usr_vmygk9t4r5,2023-05-13T19:16:34.079,search,,ses_0zm17v4t3dk5,197852
evt_epupazefyp76,usr_vmygk9t4r5,2023-06-17T11:15:52.147,checkout_complete,,ses_0zm17v4t3dk5,178109
evt_do1pmhbcha2c,usr_vmygk9t4r5,2024-03-29T13:46:06.909,notification_click,,ses_11tu1h1g1odb,
evt_sizj2mnygljw,usr_vmygk9t4r5,2024-08-23T17:49:58.468,profile_view,,ses_11tu1h1g1odb,51182
evt_my0xqvjobhg3,usr_vmygk9t4r5,2024-07-03T21:07:01.830,checkout_complete,,ses_11tu1h1g1odb,290583
evt_6zcmtqdelu48,usr_vmygk9t4r5,2023-12-10T13:32:39.270,feature_click,feed,ses_11tu1h1g1odb,294615
evt_wyi3n2kzm3jh,usr_vmygk9t4r5,2024-06-04T16:54:51.700,notification_click,,ses_qeuz9wupp0vq,
evt_ltdass6b657s,usr_vmygk9t4r5,2024-03-25T05:01:40.737,search,,ses_qeuz9wupp0vq,93361
evt_k01yzeyjv5zz,usr_vmygk9t4r5,2025-03-27T18:34:24.476,checkout_complete,,ses_gy1ajidoe92f,42226
evt_nclddi6muqth,usr_vmygk9t4r5,2024-09-04T03:56:39.188,settings_change,,ses_gy1ajidoe92f,234353
evt_uc25b6xp7a2j,usr_vmygk9t4r5,2023-10-10T10:12:23.523,profile_view,,ses_gy1ajidoe92f,8565
evt_h1bwye2dvo3a,usr_vmygk9t4r5,2023-12-16T14:12:26.403,settings_change,,ses_gy1ajidoe92f,260522
evt_5uju4uqbpa7q,usr_vmygk9t4r5,2024-06-22T06:04:57.083,app_open,,ses_deax9b37dtb0,2072738
evt_qy1mxqsqipmh,usr_vmygk9t4r5,2025-01-24T19:27:39.065,search,,ses_deax9b37dtb0,229546
evt_ys81flz2zi08,usr_vmygk9t4r5,2024-05-24T02:20:52.884,video_play,,ses_deax9b37dtb0,2335905
evt_aljik3do4394,usr_vmygk9t4r5,2024-02-28T23:25:58.614,profile_view,,ses_deax9b37dtb0,236601
evt_dtrkk74dwpo9,usr_vmygk9t4r5,2024-11-26T00:08:05.719,checkout_complete,,ses_deax9b37dtb0,99670
evt_fipowjfrmlja,usr_vmygk9t4r5,2023-11-06T11:55:22.209,app_open,,ses_deax9b37dtb0,2166747
evt_dc4y20zhqoe8,usr_vmygk9t4r5,2023-09-20T02:51:10.356,feature_click,settings,ses_deax9b37dtb0,141590
evt_wc090i01x8vi,usr_vmygk9t4r5,2025-05-14T00:36:51.328,checkout_start,,ses_deax9b37dtb0,252489
evt_rxvrfamu04z8,usr_vmygk9t4r5,2023-06-27T19:19:10.769,settings_change,,ses_deax9b37dtb0,110161
evt_9880ujkk9k6v,usr_vmygk9t4r5,2025-02-21T22:32:10.841,profile_view,,ses_deax9b37dtb0,2188
evt_s8879wt6a7l6,usr_vmygk9t4r5,2023-08-21T18:56:09.219,checkout_complete,,ses_deax9b37dtb0,177404
evt_1q79ahrffzl5,usr_vmygk9t4r5,2024-04-02T05:16:32.297,content_share,,ses_deax9b37dtb0,268441
evt_zae7hl9s8w8u,usr_vmygk9t4r5,2024-05-19T00:07:33.279,video_play,,ses_deax9b37dtb0,1297613
evt_x6mvjb6ezxm8,usr_vmygk9t4r5,2024-11-04T12:54:11.870,video_play,,ses_deax9b37dtb0,1632946
evt_vqqriuofgpuh,usr_vmygk9t4r5,2024-04-01T22:55:50.387,content_share,,ses_a83n5boo14dg,123768
evt_i5qbds1ymy0z,usr_vmygk9t4r5,2025-03-23T21:13:28.316,checkout_complete,,ses_a83n5boo14dg,170457
evt_8d1e1sdq08pm,usr_vmygk9t4r5,2025-02-20T02:17:42.007,checkout_start,,ses_a83n5boo14dg,142272
evt_24coj82p9q31,usr_gfqd3gx5me,2025-02-18T23:52:30.428,checkout_start,,ses_wy24k3x2ypio,271184
evt_4jn288z2f3zu,usr_gfqd3gx5me,2024-11-23T06:00:04.215,notification_click,,ses_wy24k3x2ypio,
evt_2esckg0qiuln,usr_gfqd3gx5me,2024-08-01T06:54:23.307,settings_change,,ses_wy24k3x2ypio,238077
evt_dt9ui152nhie,usr_gfqd3gx5me,2025-02-25T14:17:36.157,feature_click,homepage,ses_wy24k3x2ypio,252026
evt_nkbpsq3hgy6q,usr_gfqd3gx5me,2024-10-04T04:26:40.881,notification_click,,ses_wy24k3x2ypio,
evt_y0knqz9a3i2e,usr_gfqd3gx5me,2024-08-03T10:16:53.526,search,,ses_wy24k3x2ypio,234310
evt_vgqawh22r1a6,usr_gfqd3gx5me,2024-07-24T20:49:07.630,profile_view,,ses_9gi1xc4owqa8,277511
evt_v9epngdnodjr,usr_gfqd3gx5me,2024-12-23T07:44:36.497,notification_click,,ses_9gi1xc4owqa8,
evt_hkotzhmu618r,usr_gfqd3gx5me,2024-08-19T06:29:20.464,profile_view,,ses_9gi1xc4owqa8,130977
evt_fjdcs0gs2v11,usr_gfqd3gx5me,2025-02-20T00:38:53.785,app_open,,ses_9gi1xc4owqa8,872422
evt_0ogcaxgdu2dd,usr_gfqd3gx5me,2024-11-10T10:13:14.638,video_play,,ses_9gi1xc4owqa8,2579963
evt_oyyqch9eylrb,usr_gfqd3gx5me,2025-05-09T21:34:39.059,app_open,,ses_9gi1xc4owqa8,2043993
evt_gwtscl97enut,usr_gfqd3gx5me,2024-10-30T18:15:54.641,app_open,,ses_touvmn7tr7pv,2656410
evt_jgiaalvfyrge,usr_gfqd3gx5me,2024-11-10T16:35:06.581,search,,ses_touvmn7tr7pv,240743
evt_hi16jxs5wmi0,usr_gfqd3gx5me,2025-04-13T14:49:41.422,checkout_start,,ses_touvmn7tr7pv,286230
evt_u7m7htk8vxok,usr_gfqd3gx5me,2025-03-19T23:55:36.168,content_share,,ses_joosj5kcnvsb,196184
evt_htnbyxfjybxv,usr_gfqd3gx5me,2024-08-05T01:22:58.767,profile_view,,ses_joosj5kcnvsb,179036
evt_65tazjz8g496,usr_gfqd3gx5me,2025-01-02T13:06:46.669,video_play,,ses_joosj5kcnvsb,951182
evt_u737zrvwbrla,usr_gfqd3gx5me,2025-01-21T04:22:06.578,checkout_start,,ses_joosj5kcnvsb,9914
evt_joyh4j2si673,usr_gfqd3gx5me,2024-09-14T10:15:08.751,content_share,,ses_joosj5kcnvsb,149985
evt_dt5mhrgcawfj,usr_gfqd3gx5me,2024-07-19T07:51:53.050,app_open,,ses_sn8uhs4vsllu,2538031
evt_ffdeqlzu9zso,usr_gfqd3gx5me,2025-03-11T19:32:00.670,content_share,,ses_hmdxxo9dl4px,44323
evt_01dpg3afqkjb,usr_gfqd3gx5me,2024-06-20T18:38:31.139,app_open,,ses_hmdxxo9dl4px,3329922
evt_v8p3dcjmjd10,usr_gfqd3gx5me,2024-12-05T13:17:21.337,checkout_complete,,ses_hmdxxo9dl4px,225898
evt_8vi19jybstjl,usr_gfqd3gx5me,2024-11-29T07:16:52.410,search,,ses_6w0q2ocsqbfu,120798
evt_84v7w2apze3j,usr_gfqd3gx5me,2024-10-13T20:04:25.402,checkout_complete,,ses_6w0q2ocsqbfu,5660
evt_fqqlct2ndtv6,usr_gfqd3gx5me,2024-10-07T10:23:48.096,feature_click,checkout,ses_6w0q2ocsqbfu,240053
evt_4rt6nnkw4tv8,usr_gfqd3gx5me,2025-02-17T23:38:45.277,settings_change,,ses_6w0q2ocsqbfu,12596
evt_8cecam4l92jt,usr_gfqd3gx5me,2025-05-12T13:59:27.530,app_open,,ses_emeg185k7tm8,1814555
evt_mwougls50c60,usr_gfqd3gx5me,2024-09-19T09:57:59.948,search,,ses_emeg185k7tm8,45161
evt_uppsevfc1e1m,usr_gfqd3gx5me,2025-01-27T15:01:10.004,search,,ses_d8ik3pnhsayq,2294
evt_azgtvmfmydp6,usr_gfqd3gx5me,2025-01-19T05:50:45.387,settings_change,,ses_d8ik3pnhsayq,276013
evt_i2xqiw98k4rp,usr_gfqd3gx5me,2024-08-24T22:14:25.569,profile_view,,ses_d8ik3pnhsayq,233887
evt_nmw0fpj9pfs8,usr_gfqd3gx5me,2024-11-24T14:50:03.017,feature_click,video_player,ses_d8ik3pnhsayq,204854
evt_8gvxv4gyie49,usr_gfqd3gx5me,2025-01-27T13:58:36.646,profile_view,,ses_d8ik3pnhsayq,188165
evt_tblj3p8ewn93,usr_kogfia3ngr,2024-11-07T11:45:58.725,search,,ses_t41s3oh8avbi,121844
evt_j4mndy8fodey,usr_kogfia3ngr,2024-03-25T17:03:57.359,checkout_start,,ses_t41s3oh8avbi,95658
evt_4a1rjv8gfh3l,usr_kogfia3ngr,2025-03-29T16:38:37.730,app_open,,ses_t41s3oh8avbi,3472898
evt_cg30fzn48z0h,usr_kogfia3ngr,2024-09-07T20:23:32.845,search,,ses_q4ic9o4ywglx,27236
evt_p8462udkarby,usr_kogfia3ngr,2024-07-28T10:13:47.316,checkout_start,,ses_q4ic9o4ywglx,74914
evt_51k61bqz0cs0,usr_kogfia3ngr,2024-11-24T15:24:47.271,search,,ses_q4ic9o4ywglx,178571
evt_yyc8swzynn4w,usr_kogfia3ngr,2024-12-13T09:19:17.988,checkout_start,,ses_o54deg6h2yqn,297369
evt_9px83abbymnb,usr_kogfia3ngr,2023-12-31T05:48:34.006,feature_click,video_player,ses_o54deg6h2yqn,251815
evt_ew5vtffir68v,usr_kogfia3ngr,2025-03-20T19:19:49.573,checkout_complete,,ses_o54deg6h2yqn,8844
evt_145s0qdgksph,usr_kogfia3ngr,2024-01-10T00:05:21.349,notification_click,,ses_j2m8ccoqfprs,
evt_bqjqhai8sesm,usr_kogfia3ngr,2024-11-30T10:32:19.290,settings_change,,ses_j2m8ccoqfprs,157854
evt_0lb784hchct0,usr_kogfia3ngr,2024-07-15T11:16:53.363,app_open,,ses_j2m8ccoqfprs,1915594
evt_ciaiz1b2cepf,usr_kogfia3ngr,2024-08-28T16:09:39.663,content_share,,ses_n10f9z3mx1k1,50998
evt_dn91nyynozvy,usr_kogfia3ngr,2024-06-22T22:45:37.890,search,,ses_n10f9z3mx1k1,204115
evt_4mq3m75deznc,usr_kogfia3ngr,2025-01-28T19:34:17.866,feature_click,video_player,ses_n10f9z3mx1k1,79744
evt_piixf3y7b4f6,usr_kogfia3ngr,2025-01-04T08:12:35.297,app_open,,ses_53djhs50mbqo,2750268
evt_i3qg2uev0txq,usr_kogfia3ngr,2025-02-24T21:29:23.028,app_open,,ses_53djhs50mbqo,2543340
evt_g23cnqa7717g,usr_kogfia3ngr,2025-01-28T05:13:10.942,checkout_start,,ses_53djhs50mbqo,24969
evt_en7bx4x05mj6,usr_kogfia3ngr,2025-01-06T07:31:24.421,feature_click,search,ses_f9pu2dlgb7s7,240439
evt_oc2ibvlv6d4m,usr_kogfia3ngr,2024-06-29T14:11:40.698,video_play,,ses_f9pu2dlgb7s7,1402249
evt_6qmlaglbgmfw,usr_kogfia3ngr,2024-04-02T22:44:58.044,notification_click,,ses_f9pu2dlgb7s7,
evt_4es5oc0du19b,usr_kogfia3ngr,2025-04-20T11:01:01.661,video_play,,ses_f9pu2dlgb7s7,303613
evt_8f254vyjwjlj,usr_kogfia3ngr,2024-09-27T16:56:00.381,video_play,,ses_f9pu2dlgb7s7,671006
evt_2b90miwyoz42,usr_kogfia3ngr,2024-08-18T22:47:56.834,feature_click,settings,ses_f9pu2dlgb7s7,160750
evt_77f87fefvy4s,usr_kogfia3ngr,2025-01-16T20:46:09.701,checkout_complete,,ses_f9pu2dlgb7s7,181287
evt_zfqrzrwjehhf,usr_kogfia3ngr,2025-03-04T03:30:26.519,profile_view,,ses_f9pu2dlgb7s7,80659
evt_pppkpvxk82qv,usr_kogfia3ngr,2024-08-16T18:21:34.228,video_play,,ses_f9pu2dlgb7s7,3047169
evt_6ba4cdx3hebv,usr_kogfia3ngr,2024-06-16T23:57:28.048,checkout_start,,ses_2nlytamwvfq0,236331
evt_b9hpi6tsnpkt,usr_kogfia3ngr,2025-03-13T06:45:06.555,video_play,,ses_2nlytamwvfq0,314913
evt_9tkup76994py,usr_kogfia3ngr,2024-01-24T05:09:58.090,notification_click,,ses_2nlytamwvfq0,
evt_tzibse5d9mec,usr_kogfia3ngr,2024-05-29T19:57:13.058,settings_change,,ses_mvzr7mheags7,73815
evt_a9p49nuyiqd3,usr_kogfia3ngr,2024-04-08T12:02:03.676,checkout_start,,ses_mvzr7mheags7,77156
evt_fcxf7de7ncm1,usr_kogfia3ngr,2024-08-27T07:30:27.214,notification_click,,ses_mvzr7mheags7,
evt_grmokdti0nq1,usr_kogfia3ngr,2024-04-06T00:42:51.873,profile_view,,ses_mvzr7mheags7,261391
evt_54h0d9bpn4e0,usr_kogfia3ngr,2025-03-11T07:06:11.779,app_open,,ses_mvzr7mheags7,1367850
evt_m8q88ikqon47,usr_kogfia3ngr,2024-08-10T09:30:19.092,feature_click,messages,ses_mvzr7mheags7,74659
evt_qujftm2qt98y,usr_kogfia3ngr,2024-05-15T00:19:04.902,notification_click,,ses_rh2h7brai90n,
evt_50hw43zh161f,usr_kogfia3ngr,2025-04-17T20:03:32.561,search,,ses_rh2h7brai90n,173416
evt_mktdbcl2tx8m,usr_31112ag541,2023-06-23T23:34:53.023,video_play,,ses_ettyvm4w75b0,775345
evt_yzlaqa0l8spy,usr_31112ag541,2023-06-26T11:00:38.477,settings_change,,ses_ettyvm4w75b0,191466
evt_vb89wgf428jd,usr_31112ag541,2023-05-11T10:07:18.975,feature_click,settings,ses_ettyvm4w75b0,68144
evt_l3m1u9245hti,usr_31112ag541,2024-06-02T20:17:30.287,feature_click,homepage,ses_ettyvm4w75b0,110199
evt_1g0fvlj0rhj9,usr_31112ag541,2024-11-30T11:42:41.184,checkout_complete,,ses_ettyvm4w75b0,165501
evt_2p1zk9u7xzil,usr_31112ag541,2025-01-21T09:59:42.782,settings_change,,ses_ettyvm4w75b0,28737
evt_fju9upa6ofhk,usr_31112ag541,2024-10-07T20:15:17.646,profile_view,,ses_qc254lkd0rq1,212228
evt_pakoy8gr6dwp,usr_31112ag541,2024-05-26T23:07:15.194,app_open,,ses_qc254lkd0rq1,1037764
evt_nzonn54gkmcz,usr_31112ag541,2025-01-12T13:09:03.300,settings_change,,ses_siz0q0r3zkoc,17352
evt_njwvbfyfvfxf,usr_31112ag541,2023-11-08T10:34:35.516,checkout_start,,ses_siz0q0r3zkoc,270700
evt_qj2cf6y2oyrd,usr_31112ag541,2023-07-27T07:01:20.359,app_open,,ses_siz0q0r3zkoc,1271796
evt_m2qe3nvotr3e,usr_31112ag541,2024-12-01T04:53:51.747,settings_change,,ses_siz0q0r3zkoc,149446
evt_37n557q2phef,usr_31112ag541,2024-08-21T07:39:07.295,settings_change,,ses_siz0q0r3zkoc,217262
evt_68zyfiimql0l,usr_31112ag541,2025-01-14T13:58:49.762,profile_view,,ses_siz0q0r3zkoc,185906
evt_2t0vqns28frt,usr_31112ag541,2024-12-12T07:18:05.422,search,,ses_siz0q0r3zkoc,41197
evt_56y757cdefoh,usr_jahri6gkh4,2024-05-18T02:58:01.460,profile_view,,ses_zhc86nv3zo8s,222088
evt_d2sb7evlt6oj,usr_jahri6gkh4,2023-10-01T12:58:29.372,content_share,,ses_zhc86nv3zo8s,153008
evt_bh2l6mg7aruj,usr_jahri6gkh4,2023-12-15T21:41:35.175,feature_click,profile,ses_zhc86nv3zo8s,194599
evt_qnhn9i62pis7,usr_jahri6gkh4,2024-11-15T01:32:06.621,search,,ses_zhc86nv3zo8s,227314
evt_0llxfzj5qh65,usr_jahri6gkh4,2024-10-21T22:27:57.101,profile_view,,ses_mttnxht857ya,10506
evt_enur26c4fay8,usr_jahri6gkh4,2025-03-01T04:21:01.705,feature_click,search,ses_g6b24tlohexd,239357
evt_m62k7ydd9epn,usr_jahri6gkh4,2025-04-26T07:19:20.549,checkout_start,,ses_g6b24tlohexd,299480
evt_4xv77rflhqxb,usr_jahri6gkh4,2024-05-26T02:42:39.033,feature_click,homepage,ses_g6b24tlohexd,62269
evt_7tr177ah0af1,usr_jahri6gkh4,2024-02-01T03:37:14.368,checkout_complete,,ses_y0vlixplg0s7,29445
evt_cxhmp9n2om2s,usr_jahri6gkh4,2025-03-05T23:03:21.447,checkout_complete,,ses_wkhz9u9ikgb0,291564
evt_0gz9o5cxpdud,usr_jahri6gkh4,2023-08-05T15:50:24.658,notification_click,,ses_wkhz9u9ikgb0,
evt_bozzhkrpcgev,usr_jahri6gkh4,2024-11-19T14:59:52.502,search,,ses_wkhz9u9ikgb0,121338
evt_l1x9ijustx11,usr_jahri6gkh4,2025-04-14T12:00:51.967,settings_change,,ses_wkhz9u9ikgb0,213304
evt_zv1rxbmmhblz,usr_jahri6gkh4,2024-05-30T16:30:18.515,checkout_complete,,ses_wkhz9u9ikgb0,74762
evt_3yei5i0iu28c,usr_jahri6gkh4,2023-11-18T20:28:13.111,app_open,,ses_wkhz9u9ikgb0,2780715
evt_n68jrsg67aor,usr_jahri6gkh4,2023-11-12T10:18:30.209,content_share,,ses_wkhz9u9ikgb0,163262
evt_lgvjokhornh3,usr_jahri6gkh4,2024-07-12T17:49:42.323,content_share,,ses_wkhz9u9ikgb0,80306
evt_vz1ms88aio20,usr_jahri6gkh4,2024-10-02T03:45:33.650,app_open,,ses_wkhz9u9ikgb0,832734
evt_av2jrhmlx7gg,usr_jahri6gkh4,2023-12-12T03:44:46.220,profile_view,,ses_jzjpwu2o1iwx,183373
evt_i322ff176c3g,usr_jahri6gkh4,2024-02-14T00:43:04.642,notification_click,,ses_jzjpwu2o1iwx,
evt_9a2chpqm5cvf,usr_jahri6gkh4,2024-01-06T22:49:46.934,notification_click,,ses_jzjpwu2o1iwx,
evt_73wu15xpz3ow,usr_jahri6gkh4,2024-02-11T01:08:21.964,feature_click,video_player,ses_1biqeyh2kc21,49862
evt_c3gxlbm3d9xy,usr_jahri6gkh4,2023-10-30T18:39:28.863,checkout_complete,,ses_1biqeyh2kc21,112217
evt_bko1x1g5xpak,usr_jahri6gkh4,2024-01-31T11:24:21.425,checkout_complete,,ses_1biqeyh2kc21,40226
evt_kb7tr5kepfui,usr_jahri6gkh4,2023-11-08T06:32:55.542,checkout_complete,,ses_r0qf050kbqfc,25139
evt_ce183k6tam2d,usr_jahri6gkh4,2025-04-06T21:02:03.289,settings_change,,ses_r0qf050kbqfc,93702
evt_fqp9zbjhq5eg,usr_jahri6gkh4,2024-10-25T07:21:47.083,settings_change,,ses_r0qf050kbqfc,201887
evt_9udt5lh1fy21,usr_jahri6gkh4,2025-02-03T07:19:32.564,settings_change,,ses_r0qf050kbqfc,275534
evt_razfa81rms0o,usr_c5md5050v8,2025-02-10T17:30:31.225,app_open,,ses_lcsvxhpobyoe,1171737
evt_ps3ovex0cq37,usr_c5md5050v8,2025-01-21T02:11:02.651,feature_click,video_player,ses_lcsvxhpobyoe,192146
evt_q6y0bo4i8nan,usr_c5md5050v8,2025-03-29T17:23:55.528,profile_view,,ses_lcsvxhpobyoe,157222
evt_74o5ybczibew,usr_c5md5050v8,2025-01-20T20:35:09.941,content_share,,ses_lcsvxhpobyoe,114533
evt_85nizf4qu6yi,usr_c5md5050v8,2024-12-19T03:10:32.666,checkout_complete,,ses_lcsvxhpobyoe,56335
evt_lkrowrjlp3it,usr_c5md5050v8,2025-04-14T20:40:02.464,checkout_start,,ses_lcsvxhpobyoe,284583
evt_chnk8cl6ou0l,usr_c5md5050v8,2025-04-08T22:54:43.001,video_play,,ses_lcsvxhpobyoe,563748
evt_c07a6yox7tz3,usr_c5md5050v8,2025-05-08T16:58:12.931,settings_change,,ses_blm9icya2afa,81913
evt_xls7l5ys33e7,usr_c5md5050v8,2025-05-11T00:21:04.311,app_open,,ses_blm9icya2afa,1325250
evt_a52b2unyddg3,usr_c5md5050v8,2025-03-27T23:17:30.739,search,,ses_blm9icya2afa,107230
evt_lhf7pm08crmj,usr_c5md5050v8,2025-03-24T13:24:49.506,profile_view,,ses_blm9icya2afa,179784
evt_40fpzu55gfc9,usr_c5md5050v8,2025-04-29T00:25:44.299,feature_click,settings,ses_blm9icya2afa,57620
evt_bcewhgpdbrjn,usr_c5md5050v8,2025-04-05T18:52:43.091,profile_view,,ses_blm9icya2afa,210941
evt_nild4pxzuriw,usr_c5md5050v8,2025-02-01T11:20:17.220,profile_view,,ses_blm9icya2afa,5666
evt_ma8a99tv58z6,usr_c5md5050v8,2025-04-08T22:33:20.548,feature_click,messages,ses_blm9icya2afa,121513
evt_iwg6o1dwxaf6,usr_c5md5050v8,2025-01-05T00:47:28.789,feature_click,settings,ses_blm9icya2afa,43364
evt_1oz25k9286vs,usr_c5md5050v8,2025-01-16T17:10:38.493,video_play,,ses_htnl788l0x17,2496295
evt_9hashkr0jpsa,usr_c5md5050v8,2024-12-12T14:55:11.981,checkout_complete,,ses_htnl788l0x17,210335
evt_q2cl16zwnfjr,usr_c5md5050v8,2025-03-29T10:18:47.010,notification_click,,ses_htnl788l0x17,
evt_wqqzzjom0vzp,usr_c5md5050v8,2025-05-16T19:57:38.491,search,,ses_htnl788l0x17,72463
evt_8gjw49zfw2b7,usr_c5md5050v8,2025-02-26T07:27:18.303,checkout_start,,ses_cj24xqutgyg3,270344
evt_jrt5nfjjp5wj,usr_c5md5050v8,2025-05-18T07:32:24.847,settings_change,,ses_cj24xqutgyg3,175764
evt_2wit29isluij,usr_c5md5050v8,2025-02-08T13:30:29.586,search,,ses_cj24xqutgyg3,131808
evt_fa64k5zvblj5,usr_c5md5050v8,2025-01-23T14:12:08.459,content_share,,ses_cj24xqutgyg3,271999
evt_obnk58nfwmtt,usr_c5md5050v8,2025-01-05T21:22:20.114,settings_change,,ses_dqf6cbpxcun5,154510
evt_m3pg0f4nmf6h,usr_c5md5050v8,2025-03-09T04:33:20.233,checkout_start,,ses_dqf6cbpxcun5,11287
evt_h4v1hkmzptzd,usr_c5md5050v8,2025-04-01T18:37:49.234,app_open,,ses_dqf6cbpxcun5,3108367
evt_epvwac9nds73,usr_c5md5050v8,2024-12-18T16:27:00.571,feature_click,feed,ses_dqf6cbpxcun5,206880
evt_fpwnzo6xe6qa,usr_c5md5050v8,2025-02-24T20:52:08.641,checkout_start,,ses_dqf6cbpxcun5,161434
evt_oxi50x6oxoyr,usr_c5md5050v8,2025-03-20T11:41:07.532,video_play,,ses_dqf6cbpxcun5,1576385
evt_oxx7mq34z1il,usr_mz5k0i5qz8,2025-05-09T16:46:14.565,profile_view,,ses_oj282zzjbiqs,226829
evt_s7r8wvgjveom,usr_mz5k0i5qz8,2024-05-25T11:39:23.674,video_play,,ses_oj282zzjbiqs,1568477
evt_qfblioo99xps,usr_mz5k0i5qz8,2024-02-23T20:24:19.800,profile_view,,ses_oj282zzjbiqs,257482
evt_2lyc74iwiu73,usr_mz5k0i5qz8,2025-01-25T18:23:58.243,checkout_start,,ses_oj282zzjbiqs,36551
evt_eundiu872lup,usr_mz5k0i5qz8,2024-11-01T14:50:06.674,notification_click,,ses_oj282zzjbiqs,
evt_vvah8ch1dvcl,usr_mz5k0i5qz8,2025-03-01T17:41:02.498,search,,ses_oj282zzjbiqs,136793
evt_raefynxh8g1c,usr_mz5k0i5qz8,2024-12-17T22:33:55.553,checkout_start,,ses_oj282zzjbiqs,268057
evt_gfs94t3u6w2r,usr_mz5k0i5qz8,2024-07-27T03:57:41.527,search,,ses_oj282zzjbiqs,50256
evt_u82e1fpchulj,usr_mz5k0i5qz8,2024-10-24T09:30:19.809,app_open,,ses_oj282zzjbiqs,2846990
evt_8wjjqdsjftj7,usr_mz5k0i5qz8,2024-07-02T13:05:33.196,video_play,,ses_oj282zzjbiqs,2885267
evt_1ik0v0fasaht,usr_mz5k0i5qz8,2025-04-09T12:25:17.189,search,,ses_oj282zzjbiqs,89721
evt_z5p7mqwps4a2,usr_mz5k0i5qz8,2024-04-10T18:12:32.376,feature_click,profile,ses_oj282zzjbiqs,50490
evt_5bt9bepv8cvd,usr_mz5k0i5qz8,2024-07-02T12:39:30.140,settings_change,,ses_oj282zzjbiqs,2863
evt_cgxklad6gcy2,usr_mz5k0i5qz8,2024-06-21T11:50:24.665,video_play,,ses_oj282zzjbiqs,2514396
evt_xma7afgmwlnu,usr_mz5k0i5qz8,2025-01-27T01:16:03.068,checkout_start,,ses_oj282zzjbiqs,66251
evt_p42lvrijhqsw,usr_mz5k0i5qz8,2024-09-07T09:38:43.309,video_play,,ses_oj282zzjbiqs,220382
evt_ycb8j818ydvv,usr_mz5k0i5qz8,2024-05-09T05:58:45.704,app_open,,ses_oj282zzjbiqs,494495
evt_3x940a6pl6gz,usr_mz5k0i5qz8,2024-04-10T06:24:58.634,checkout_complete,,ses_oj282zzjbiqs,251791
evt_5dnmoa7ihzmy,usr_mz5k0i5qz8,2024-03-01T04:01:59.277,app_open,,ses_oj282zzjbiqs,1714685
evt_yw8vn6xyasvl,usr_mz5k0i5qz8,2024-08-01T01:31:41.440,checkout_start,,ses_oj282zzjbiqs,47183
evt_rzwr04xgir22,usr_mz5k0i5qz8,2024-05-26T21:00:05.192,app_open,,ses_oj282zzjbiqs,2821311
evt_3dgrmtn5k3gy,usr_mz5k0i5qz8,2024-10-17T10:16:32.231,video_play,,ses_s0ey3nwckdfa,1841303
evt_6eat604mm5oq,usr_mz5k0i5qz8,2024-09-16T02:29:11.811,search,,ses_s0ey3nwckdfa,259779
evt_gwp0ujxru3ca,usr_mz5k0i5qz8,2024-08-22T10:42:00.729,video_play,,ses_s0ey3nwckdfa,3566434
evt_y18jbuq23fl9,usr_mz5k0i5qz8,2025-03-20T00:04:24.684,feature_click,homepage,ses_s0ey3nwckdfa,63835
evt_5vnn27mwsfsd,usr_mz5k0i5qz8,2024-06-14T05:17:04.331,checkout_complete,,ses_s0ey3nwckdfa,248731
evt_8qt5bdwduovu,usr_mz5k0i5qz8,2024-10-17T09:30:55.038,app_open,,ses_s0ey3nwckdfa,2529219
evt_0afxluh9vb1q,usr_mz5k0i5qz8,2025-05-02T02:22:31.097,profile_view,,ses_s0ey3nwckdfa,83832
evt_facuz8fg7df9,usr_mz5k0i5qz8,2024-08-21T23:01:26.179,notification_click,,ses_s0ey3nwckdfa,
evt_c25bwzbwhnjs,usr_mz5k0i5qz8,2024-03-17T14:33:10.386,content_share,,ses_s0ey3nwckdfa,151455
evt_tjjdmp92c7rm,usr_mz5k0i5qz8,2025-01-26T03:28:26.280,notification_click,,ses_s0ey3nwckdfa,
evt_ijk7wyqof31d,usr_mz5k0i5qz8,2024-09-19T21:30:54.564,app_open,,ses_s0ey3nwckdfa,3187339
evt_5c0inxdsb4rl,usr_mz5k0i5qz8,2024-03-02T11:00:46.937,video_play,,ses_hp9ymli04k11,162195
evt_sybp37vv6n68,usr_mz5k0i5qz8,2024-06-08T07:56:29.625,content_share,,ses_hp9ymli04k11,90152
evt_37em9alz451i,usr_mz5k0i5qz8,2024-06-16T04:32:13.115,checkout_start,,ses_hp9ymli04k11,134878
evt_0ks3cuxzp3lx,usr_mz5k0i5qz8,2025-03-17T11:19:36.371,video_play,,ses_hp9ymli04k11,703833
evt_a1fvm5osenkm,usr_mz5k0i5qz8,2024-05-30T17:15:27.762,notification_click,,ses_hp9ymli04k11,
evt_yxq91trsenxo,usr_mz5k0i5qz8,2024-05-12T08:59:14.273,settings_change,,ses_hp9ymli04k11,283988
evt_evgfz69rt1e8,usr_mz5k0i5qz8,2024-07-15T23:50:34.155,checkout_start,,ses_hp9ymli04k11,146429
evt_1kgrabmkctsc,usr_mz5k0i5qz8,2024-12-26T14:58:00.783,profile_view,,ses_hp9ymli04k11,264990
evt_214nydal9yh6,usr_8ux6pfwg8t,2025-05-03T11:21:03.199,app_open,,ses_nsvbaec8wrf8,1840419
evt_r8kdkded0z5r,usr_8ux6pfwg8t,2024-11-25T06:25:45.117,settings_change,,ses_nsvbaec8wrf8,216218
evt_emwvnop5rmex,usr_8ux6pfwg8t,2025-01-05T13:40:43.926,checkout_complete,,ses_nsvbaec8wrf8,83845
evt_uwmvm3xove3e,usr_8ux6pfwg8t,2024-10-29T14:03:21.147,notification_click,,ses_nsvbaec8wrf8,
evt_vpphrkexavp9,usr_8ux6pfwg8t,2025-05-02T04:56:25.298,content_share,,ses_nsvbaec8wrf8,85837
evt_aep36c4c61p8,usr_8ux6pfwg8t,2025-03-01T11:22:52.172,profile_view,,ses_n064728ko58u,191566
evt_ipofls7zckx0,usr_8ux6pfwg8t,2024-12-13T14:25:28.099,notification_click,,ses_n064728ko58u,
evt_fjeg2ygswap7,usr_8ux6pfwg8t,2025-04-08T17:13:28.402,checkout_complete,,ses_n064728ko58u,60284
evt_os9omhin73rs,usr_8ux6pfwg8t,2025-02-13T00:51:28.731,search,,ses_n064728ko58u,298940
evt_t3834tik7vsq,usr_8ux6pfwg8t,2024-08-09T00:15:38.167,app_open,,ses_n064728ko58u,2289294
evt_k9o9zppd87ta,usr_8ux6pfwg8t,2024-07-22T19:03:03.961,notification_click,,ses_n064728ko58u,
evt_24z60ciokqdn,usr_8ux6pfwg8t,2024-10-28T13:42:01.614,notification_click,,ses_n064728ko58u,
evt_01sjqlzw5eq5,usr_8ux6pfwg8t,2024-11-19T20:12:56.123,feature_click,checkout,ses_n064728ko58u,45694
evt_sofg0dymb0d4,usr_8ux6pfwg8t,2024-11-03T02:52:43.273,checkout_start,,ses_n064728ko58u,288540
evt_9rsi1q1e05gi,usr_8ux6pfwg8t,2024-08-06T15:45:37.439,app_open,,ses_n064728ko58u,2561586
evt_cx09ndtnbzw1,usr_8ux6pfwg8t,2024-10-09T03:25:33.833,video_play,,ses_n064728ko58u,372228
evt_m2wun1zt2jgi,usr_8ux6pfwg8t,2024-11-22T08:28:00.553,settings_change,,ses_n064728ko58u,147352
evt_umw84pcjzz5r,usr_8ux6pfwg8t,2024-08-30T02:45:13.275,notification_click,,ses_n064728ko58u,
evt_iwt2olqpkboc,usr_8ux6pfwg8t,2025-02-06T06:05:44.952,notification_click,,ses_892z4sdlz4v0,
evt_sdggzgnz5e7c,usr_8ux6pfwg8t,2025-01-23T08:52:08.028,video_play,,ses_892z4sdlz4v0,3441931
evt_0a5nef5kduen,usr_8ux6pfwg8t,2024-08-31T02:15:32.437,settings_change,,ses_892z4sdlz4v0,145919
evt_ntp38afj8c04,usr_8ux6pfwg8t,2025-02-09T16:58:34.062,content_share,,ses_892z4sdlz4v0,15428
evt_gpysae5jmbtk,usr_8ux6pfwg8t,2024-11-01T10:28:42.488,checkout_start,,ses_892z4sdlz4v0,264363
evt_ht26zz8qfoia,usr_8ux6pfwg8t,2024-10-05T10:27:28.771,settings_change,,ses_892z4sdlz4v0,105742
evt_bz3c5e27n02g,usr_8ux6pfwg8t,2025-04-05T06:45:12.740,app_open,,ses_a2yafrhkqwtr,1628104
evt_71afw5o7xuag,usr_8ux6pfwg8t,2025-03-24T12:56:16.537,content_share,,ses_4ezallkg5tpz,7885
evt_b4z7o7y5hpzs,usr_8ux6pfwg8t,2024-10-02T03:13:59.207,video_play,,ses_4ezallkg5tpz,1578958
evt_mo20wvpv1ksv,usr_8ux6pfwg8t,2024-09-29T21:11:43.811,app_open,,ses_4ezallkg5tpz,737185
evt_8lkdl6stikfa,usr_8ux6pfwg8t,2025-04-28T20:24:05.460,search,,ses_4ezallkg5tpz,131004
evt_7wl2xpeb146x,usr_8ux6pfwg8t,2025-03-04T01:18:55.343,checkout_complete,,ses_4ezallkg5tpz,113348
evt_n3nxszzsyoyv,usr_8ux6pfwg8t,2024-08-04T02:00:03.618,video_play,,ses_wh276uqr7nzk,825293
evt_vw18wx7jaf9q,usr_8ux6pfwg8t,2024-09-08T08:28:27.217,feature_click,checkout,ses_wh276uqr7nzk,94568
evt_i0bjmxtbheuy,usr_8ux6pfwg8t,2024-11-06T16:03:28.479,feature_click,settings,ses_l4mjar92ey9f,281301
evt_vy2115p72izu,usr_my9hlbo5xw,2025-03-20T18:35:31.059,app_open,,ses_lmdnjw1bnpi1,393417
evt_iu83c0n86vim,usr_my9hlbo5xw,2024-06-28T03:29:13.702,search,,ses_lmdnjw1bnpi1,26264
evt_0fr6m1upqbf8,usr_my9hlbo5xw,2023-10-06T13:11:48.002,notification_click,,ses_lmdnjw1bnpi1,
evt_xt8iwbjf59of,usr_my9hlbo5xw,2024-05-27T08:46:00.008,feature_click,profile,ses_lmdnjw1bnpi1,37484
evt_gob3i5gazz4s,usr_my9hlbo5xw,2024-10-14T11:57:24.510,video_play,,ses_lmdnjw1bnpi1,510678
evt_f00duatpf66n,usr_my9hlbo5xw,2023-10-21T18:59:47.756,checkout_start,,ses_lmdnjw1bnpi1,59090
evt_ilj4s0yaj96t,usr_my9hlbo5xw,2023-12-18T03:13:12.950,profile_view,,ses_lmdnjw1bnpi1,56955
evt_18iki3n0r9gz,usr_my9hlbo5xw,2023-09-16T11:51:04.565,notification_click,,ses_lmdnjw1bnpi1,
evt_k8lovqgwb5aa,usr_my9hlbo5xw,2025-03-10T20:16:04.278,content_share,,ses_8fshajfzrxnt,142915
evt_eqvdewsv56y3,usr_my9hlbo5xw,2023-08-23T12:11:49.252,notification_click,,ses_8fshajfzrxnt,
evt_es32bq43dgwo,usr_my9hlbo5xw,2024-10-09T18:17:41.084,feature_click,help_center,ses_8fshajfzrxnt,208945
evt_pyd3fyen4hia,usr_my9hlbo5xw,2023-11-23T15:51:36.273,search,,ses_8fshajfzrxnt,144877
evt_qzqweg5nzqhg,usr_my9hlbo5xw,2024-05-31T02:05:45.568,checkout_complete,,ses_t6bnilsppp52,99849
evt_ygrwedrm50f7,usr_my9hlbo5xw,2024-10-07T04:44:54.018,checkout_complete,,ses_t6bnilsppp52,42445
evt_yxbi6g1wr2s3,usr_my9hlbo5xw,2024-08-21T18:42:47.205,settings_change,,ses_t6bnilsppp52,41317
evt_zs52zizf3rrx,usr_my9hlbo5xw,2023-11-27T22:22:43.661,search,,ses_t6bnilsppp52,94693
evt_vbhhlvv7c2qd,usr_my9hlbo5xw,2023-08-20T15:37:49.934,app_open,,ses_2ohk2n40ihih,3372628
evt_nolku3lmcgbe,usr_my9hlbo5xw,2024-07-01T14:19:26.905,notification_click,,ses_2ohk2n40ihih,
evt_csymqwas9l5k,usr_my9hlbo5xw,2024-04-27T17:21:16.719,search,,ses_rdcap7ogwo32,270538
evt_xhiavdsf24on,usr_my9hlbo5xw,2024-01-31T10:39:12.991,search,,ses_rdcap7ogwo32,76886
evt_30rzewuibg5d,usr_my9hlbo5xw,2024-04-27T11:49:36.501,feature_click,search,ses_rdcap7ogwo32,14893
evt_fy26abknfqra,usr_my9hlbo5xw,2024-09-24T00:11:24.144,checkout_complete,,ses_rdcap7ogwo32,154585
evt_57yr35ww1m92,usr_my9hlbo5xw,2024-11-15T23:17:19.509,profile_view,,ses_rdcap7ogwo32,284555
evt_pzui3u8an38k,usr_my9hlbo5xw,2024-01-06T17:05:17.986,checkout_complete,,ses_rdcap7ogwo32,208262
evt_zr64l74y887c,usr_my9hlbo5xw,2024-11-21T16:48:09.868,checkout_start,,ses_rdcap7ogwo32,94787
evt_4984mv2c7l27,usr_my9hlbo5xw,2024-05-20T19:58:43.304,search,,ses_290a9fjr2yii,117017
evt_0m9ivxolybf2,usr_my9hlbo5xw,2025-01-19T19:06:32.794,app_open,,ses_290a9fjr2yii,1348608
evt_rbd7a1cnnpij,usr_ojlkqkn8sr,2024-09-26T10:00:53.999,feature_click,help_center,ses_muu2u25jeqvg,201828
evt_mici8ys32cdk,usr_ojlkqkn8sr,2025-04-24T17:22:05.825,profile_view,,ses_muu2u25jeqvg,165558
evt_ms2ni65t3hjv,usr_ojlkqkn8sr,2024-07-24T13:51:07.624,video_play,,ses_muu2u25jeqvg,426541
evt_ilvadut1qnk5,usr_ojlkqkn8sr,2025-03-28T12:56:29.818,search,,ses_muu2u25jeqvg,239730
evt_d1bwqp3aofys,usr_ojlkqkn8sr,2025-05-16T07:35:33.918,settings_change,,ses_muu2u25jeqvg,100626
evt_3k1pjl292xj3,usr_h2gpjnmh40,2023-08-10T05:09:09.362,checkout_complete,,ses_sfx3xbas2uzp,94797
evt_jnwmanwuhgmg,usr_h2gpjnmh40,2024-08-19T01:09:01.046,checkout_start,,ses_sfx3xbas2uzp,246325
evt_hh5z5v86owa8,usr_h2gpjnmh40,2025-02-24T23:16:24.189,settings_change,,ses_sfx3xbas2uzp,110477
evt_p6xvoq5yq15v,usr_h2gpjnmh40,2023-05-31T10:32:13.215,video_play,,ses_d6wanx1mo27a,1793489
evt_w4q141e0btbk,usr_h2gpjnmh40,2023-12-22T18:48:46.315,video_play,,ses_ack87tl0zr2c,2512241
evt_b28mme6jqep9,usr_h2gpjnmh40,2025-01-08T21:31:14.873,notification_click,,ses_ack87tl0zr2c,
evt_oqmlh68v1ask,usr_h2gpjnmh40,2023-05-17T14:26:32.004,notification_click,,ses_l6hn1h8erasv,
evt_3wr0jma490hx,usr_h2gpjnmh40,2023-09-21T08:26:27.801,settings_change,,ses_l6hn1h8erasv,297377
evt_tnig6pxbhitb,usr_h2gpjnmh40,2024-12-18T23:59:04.913,app_open,,ses_croqpgecbo5m,1751767
evt_6cvtmuzd0ez4,usr_h2gpjnmh40,2024-09-25T06:13:08.689,app_open,,ses_croqpgecbo5m,3548377
evt_ed5t8jxcrd3s,usr_h2gpjnmh40,2024-07-23T13:01:46.848,profile_view,,ses_gil1rof8g7xd,248601
evt_s8wwv52dqapf,usr_h2gpjnmh40,2024-03-15T17:09:48.866,checkout_complete,,ses_gil1rof8g7xd,258019
evt_yp7arloibblz,usr_h2gpjnmh40,2024-02-25T18:40:18.310,checkout_start,,ses_4gc8e0k04dby,206000
evt_3fahkw5qgex4,usr_h2gpjnmh40,2025-04-17T16:36:19.635,settings_change,,ses_4gc8e0k04dby,177657
evt_0p7pd7my0rt7,usr_h2gpjnmh40,2024-09-09T20:15:35.472,settings_change,,ses_4gc8e0k04dby,158528
evt_rz0kf2j03kf0,usr_h2gpjnmh40,2024-03-03T01:37:47.157,feature_click,search,ses_4gc8e0k04dby,72321
evt_tia9xr4slx5k,usr_h2gpjnmh40,2024-08-24T05:52:15.233,checkout_start,,ses_9ofmi6efihku,225150
evt_7aqikpm7ff4f,usr_h2gpjnmh40,2025-03-10T04:34:34.516,search,,ses_9ofmi6efihku,267563
evt_6v5r40nww11e,usr_h2gpjnmh40,2023-12-14T01:18:38.423,notification_click,,ses_z1ldybpagi9t,
evt_1nywcpdy830j,usr_h2gpjnmh40,2023-05-29T07:05:20.483,video_play,,ses_z1ldybpagi9t,1941996
evt_q6dvap673v0b,usr_h2gpjnmh40,2024-08-17T03:02:03.545,checkout_start,,ses_z1ldybpagi9t,286761
evt_a79gwdswb5ss,usr_h2gpjnmh40,2023-07-01T22:53:17.356,notification_click,,ses_81chp7janfkl,
evt_7vf9ufdzui3p,usr_h2gpjnmh40,2023-11-21T16:05:48.698,checkout_complete,,ses_81chp7janfkl,54161
evt_y3haxvtbrfay,usr_h2gpjnmh40,2023-12-15T22:56:21.201,settings_change,,ses_81chp7janfkl,214345
evt_u6sh811nhkmi,usr_h2gpjnmh40,2025-01-13T05:15:19.905,checkout_start,,ses_qyv9kkee7muc,87898
evt_b5l4l98d8v1n,usr_h2gpjnmh40,2023-09-02T00:29:10.238,checkout_start,,ses_qyv9kkee7muc,211546
evt_awr6vzjrm457,usr_h2gpjnmh40,2024-12-23T16:27:25.092,search,,ses_qyv9kkee7muc,217482
evt_kuyve2w3vhk1,usr_h2gpjnmh40,2023-06-04T01:02:06.897,profile_view,,ses_qyv9kkee7muc,28772
evt_djgczinqy5oa,usr_h2gpjnmh40,2023-10-23T16:14:45.584,checkout_complete,,ses_qyv9kkee7muc,151158
evt_cuiawct0ndyr,usr_h2gpjnmh40,2023-09-26T12:41:12.680,search,,ses_qyv9kkee7muc,197792
evt_jwhm3erku6qh,usr_h2gpjnmh40,2024-12-08T07:30:34.831,feature_click,search,ses_qyv9kkee7muc,250791
evt_xkswypa5gwdd,usr_h2gpjnmh40,2024-06-30T02:56:23.346,content_share,,ses_qyv9kkee7muc,235086
evt_yrndbl4o0qez,usr_xkvj3fpolu,2025-01-28T00:33:10.653,feature_click,feed,ses_ihl6kzjpi6ro,203380
evt_xpnq1jd7nlo2,usr_xkvj3fpolu,2024-11-11T22:44:21.620,settings_change,,ses_ihl6kzjpi6ro,237220
evt_8zn0j4bgz5m1,usr_xkvj3fpolu,2025-03-04T17:03:15.032,settings_change,,ses_ihl6kzjpi6ro,140510
evt_56e9vbxbppdt,usr_xkvj3fpolu,2024-10-20T18:49:47.670,content_share,,ses_ihl6kzjpi6ro,106132
evt_hjd4jt78pno1,usr_xkvj3fpolu,2025-04-09T15:58:24.471,feature_click,profile,ses_ihl6kzjpi6ro,63504
evt_bb83f3vwhbx6,usr_xkvj3fpolu,2025-03-21T04:53:29.535,settings_change,,ses_ihl6kzjpi6ro,100163
evt_ygzuy08s73t1,usr_xkvj3fpolu,2025-05-03T18:01:05.346,checkout_complete,,ses_hhlmrpzbmgc0,2731
evt_rarnzksixo8d,usr_xkvj3fpolu,2025-05-10T12:18:26.437,profile_view,,ses_hhlmrpzbmgc0,53357
evt_cejhgllp95wl,usr_xkvj3fpolu,2024-12-13T07:10:15.991,notification_click,,ses_hhlmrpzbmgc0,
evt_0vdpnt2fnk2x,usr_xkvj3fpolu,2025-05-11T17:30:10.530,notification_click,,ses_hhlmrpzbmgc0,
evt_myosrxieggha,usr_xkvj3fpolu,2025-05-20T16:38:58.696,search,,ses_7xb6my067c21,127091
evt_29603y5s6a51,usr_xkvj3fpolu,2025-04-20T11:10:48.939,search,,ses_7xb6my067c21,161751
evt_2iwuy0p3sjw3,usr_xkvj3fpolu,2025-01-02T02:16:50.470,app_open,,ses_5xjj1i0ru71r,1357832
evt_hwqikzig2ywr,usr_xkvj3fpolu,2025-01-16T16:50:05.176,search,,ses_5xjj1i0ru71r,250911
evt_i3fqv5y88l34,usr_xkvj3fpolu,2025-05-06T15:30:44.067,checkout_start,,ses_5xjj1i0ru71r,187010
evt_nnwni9dd9bmo,usr_xkvj3fpolu,2025-02-24T17:32:23.488,checkout_start,,ses_5xjj1i0ru71r,48880
evt_i7iqpux49k6v,usr_xkvj3fpolu,2025-01-08T04:25:47.769,search,,ses_5xjj1i0ru71r,90385
evt_lf4p4z15dtv9,usr_xkvj3fpolu,2025-02-27T17:38:30.797,feature_click,messages,ses_5xjj1i0ru71r,171635
evt_es3jh71ye652,usr_xkvj3fpolu,2025-02-22T04:35:43.147,settings_change,,ses_eqejwzoh2xyu,250064
evt_uzi2u87ndp0p,usr_xkvj3fpolu,2024-11-28T08:28:16.364,profile_view,,ses_eqejwzoh2xyu,182752
evt_otqiexawqnso,usr_xkvj3fpolu,2025-01-19T11:43:50.694,feature_click,homepage,ses_7795i54r4e9l,98005
evt_xd52rbbdipv7,usr_xkvj3fpolu,2025-01-25T14:09:41.186,content_share,,ses_7795i54r4e9l,294916
evt_o39g5vip9bz2,usr_xkvj3fpolu,2025-05-02T20:51:23.779,notification_click,,ses_7795i54r4e9l,
evt_rkh0wskni873,usr_xkvj3fpolu,2025-04-07T03:04:17.823,profile_view,,ses_7795i54r4e9l,17273
evt_zjzbzjfn8266,usr_xkvj3fpolu,2025-03-12T08:56:24.621,notification_click,,ses_7795i54r4e9l,
evt_7smw8s1u7ay8,usr_xkvj3fpolu,2024-11-29T06:55:36.880,content_share,,ses_7795i54r4e9l,140166
evt_kzi1bl46pl9t,usr_xkvj3fpolu,2024-12-15T05:38:17.790,content_share,,ses_7795i54r4e9l,266677
evt_8ldlg97j83mi,usr_xkvj3fpolu,2025-01-31T08:03:56.266,checkout_complete,,ses_7795i54r4e9l,71839
evt_giguga3hxk49,usr_xkvj3fpolu,2025-04-06T06:44:17.812,feature_click,checkout,ses_7795i54r4e9l,261527
evt_ihxcacjir5cg,usr_v449fcgjzv,2025-01-31T02:39:50.749,profile_view,,ses_lin2kof1mazf,4528
evt_ek47v9mz29pq,usr_v449fcgjzv,2024-01-16T21:52:05.930,video_play,,ses_lin2kof1mazf,794548
evt_ts7a8z9k3lim,usr_v449fcgjzv,2024-07-08T13:34:22.180,checkout_complete,,ses_lin2kof1mazf,299297
evt_zzpahwodf8k4,usr_v449fcgjzv,2025-01-25T10:57:18.172,video_play,,ses_lin2kof1mazf,1274372
evt_jfxrq0gwdt7c,usr_v449fcgjzv,2024-06-28T07:58:52.603,feature_click,settings,ses_lin2kof1mazf,236360
evt_wsyesw62se4s,usr_v449fcgjzv,2023-11-07T18:45:41.934,app_open,,ses_lin2kof1mazf,1986020
evt_kkoek0bdogmn,usr_v449fcgjzv,2023-12-06T18:31:25.816,settings_change,,ses_lin2kof1mazf,258632
evt_5rd858i6dr8b,usr_v449fcgjzv,2024-05-01T06:10:16.709,profile_view,,ses_kbp3fse0urto,255736
evt_1udxg3lmbrzy,usr_v449fcgjzv,2023-09-26T03:53:36.140,settings_change,,ses_kbp3fse0urto,179737
evt_l7tkwi0zp0hg,usr_v449fcgjzv,2024-02-17T12:14:02.019,checkout_start,,ses_kbp3fse0urto,2017
evt_r9gpj4lzza98,usr_govpyxeilp,2024-03-28T06:05:13.118,app_open,,ses_43hnwfkiw3p8,2182854
evt_tpqo5lws0g0c,usr_govpyxeilp,2024-11-06T15:40:15.181,video_play,,ses_43hnwfkiw3p8,843616
evt_h8n9nou2tgb8,usr_govpyxeilp,2025-01-31T05:38:07.602,checkout_start,,ses_43hnwfkiw3p8,31424
evt_siyrt1nd18au,usr_govpyxeilp,2024-12-26T01:35:11.170,settings_change,,ses_43hnwfkiw3p8,138372
evt_1wl7zpbkfryg,usr_govpyxeilp,2024-02-27T01:06:41.215,feature_click,notifications,ses_43hnwfkiw3p8,84952
evt_g00zfmyqz6hg,usr_govpyxeilp,2024-11-28T07:08:48.113,search,,ses_43hnwfkiw3p8,163840
evt_02sx1yc1es5y,usr_govpyxeilp,2024-08-04T11:55:06.840,profile_view,,ses_43hnwfkiw3p8,54038
evt_5oe3jv5s1fzq,usr_govpyxeilp,2024-11-04T02:21:06.520,checkout_start,,ses_u8qmfd8hefcs,152454
evt_6l9zo9qrqe11,usr_govpyxeilp,2023-08-01T02:34:25.203,content_share,,ses_u8qmfd8hefcs,37733
evt_bih8r96adkw9,usr_ifd44tyujs,2025-03-11T17:20:43.067,settings_change,,ses_ybb1ul6qa6km,79802
evt_vrxswyyw3l55,usr_ifd44tyujs,2024-09-09T07:12:24.147,checkout_start,,ses_ybb1ul6qa6km,148037
evt_ax25zdfcld9d,usr_ifd44tyujs,2025-02-21T21:48:58.573,notification_click,,ses_ybb1ul6qa6km,
evt_a8b2g0tvugu8,usr_ifd44tyujs,2024-09-10T08:59:50.348,checkout_complete,,ses_ybb1ul6qa6km,225038
evt_5d6yv0zlsn5r,usr_ifd44tyujs,2025-04-16T00:28:47.426,settings_change,,ses_ybb1ul6qa6km,188061
evt_5x9vu3k7m6sm,usr_ifd44tyujs,2024-01-27T22:02:48.863,profile_view,,ses_ybb1ul6qa6km,90088
evt_v7359zwytqhv,usr_ifd44tyujs,2024-09-01T21:39:25.135,notification_click,,ses_tn9d1z0w9sl2,
evt_86sv7dwm945x,usr_ifd44tyujs,2025-05-04T18:36:32.572,notification_click,,ses_rp6onm9utmpw,
evt_wgu1x20ywygg,usr_ifd44tyujs,2025-03-20T18:43:25.883,profile_view,,ses_rp6onm9utmpw,80780
evt_n1r9tbjl43qy,usr_ifd44tyujs,2025-04-22T09:16:51.555,app_open,,ses_rp6onm9utmpw,809710
evt_tdk8m4sg7bcg,usr_ifd44tyujs,2024-12-12T11:42:13.456,notification_click,,ses_m60yjyyqm3io,
evt_bq8fivclzp7f,usr_ifd44tyujs,2024-06-10T01:16:55.138,profile_view,,ses_m60yjyyqm3io,30879
evt_5xf7ujzbdqx4,usr_ifd44tyujs,2024-05-12T01:22:34.758,content_share,,ses_unbrf5909sfs,271249
evt_n59sdvazc3f9,usr_ifd44tyujs,2025-03-11T13:33:11.033,settings_change,,ses_unbrf5909sfs,91431
evt_twnd1sbetp8e,usr_ifd44tyujs,2025-05-02T23:19:20.462,checkout_complete,,ses_unbrf5909sfs,217810
evt_oi066zbts6fc,usr_ifd44tyujs,2024-09-09T23:12:58.850,profile_view,,ses_ssvj13c9wb4x,20064
evt_zo5rfb3j02ix,usr_ifd44tyujs,2024-05-25T08:31:42.167,settings_change,,ses_let1fd8iou68,256386
evt_beywodrk3egp,usr_ifd44tyujs,2024-08-24T18:30:33.336,video_play,,ses_let1fd8iou68,2539640
evt_rp0bdfi14rof,usr_ifd44tyujs,2024-11-02T08:24:29.225,checkout_complete,,ses_let1fd8iou68,283142
evt_qm0dgnzi77bh,usr_ifd44tyujs,2024-10-29T19:04:07.247,notification_click,,ses_let1fd8iou68,
evt_ta9ijdruyhgm,usr_ifd44tyujs,2024-10-04T19:59:25.708,notification_click,,ses_let1fd8iou68,
evt_yk6j2jrb75b3,usr_ifd44tyujs,2024-10-18T18:02:52.403,checkout_start,,ses_let1fd8iou68,287295
evt_zpixea9ty6x2,usr_ifd44tyujs,2024-02-15T09:17:01.891,search,,ses_let1fd8iou68,197928
evt_kpzd6qsho2lp,usr_ifd44tyujs,2024-04-05T07:23:45.251,video_play,,ses_let1fd8iou68,3361087
evt_anb283yqodxg,usr_ifd44tyujs,2025-02-11T13:35:48.187,search,,ses_rjxi6sb7e770,270893
evt_48z6qjerjqvo,usr_ifd44tyujs,2025-02-16T02:33:18.760,settings_change,,ses_7ja51nchb5ut,69176
evt_dgd3ekiu9dil,usr_ifd44tyujs,2024-10-15T13:40:17.001,feature_click,help_center,ses_7ja51nchb5ut,112108
evt_8enzvszknlz8,usr_ifd44tyujs,2024-03-26T04:54:59.462,settings_change,,ses_7ja51nchb5ut,21477
evt_sgsr3yoh3ul2,usr_tzr0i2fjva,2024-03-02T18:37:54.225,feature_click,settings,ses_dmemwyzthno9,30407
evt_zydvq8jtv07r,usr_tzr0i2fjva,2025-04-16T09:38:40.051,app_open,,ses_dmemwyzthno9,2948411
evt_7pmnyz0g9pig,usr_tzr0i2fjva,2024-04-06T03:57:03.118,video_play,,ses_dmemwyzthno9,3382110
evt_w33fnnne470p,usr_tzr0i2fjva,2024-07-17T17:58:55.980,notification_click,,ses_dmemwyzthno9,
evt_93ezbjanb5mm,usr_tzr0i2fjva,2024-09-02T18:55:53.682,checkout_complete,,ses_dmemwyzthno9,215922
evt_oo035laoh8dx,usr_tzr0i2fjva,2024-09-08T01:55:18.727,notification_click,,ses_dmemwyzthno9,
evt_emoa6zk3nzee,usr_tzr0i2fjva,2024-04-20T21:34:04.503,app_open,,ses_dmemwyzthno9,352892
evt_coy32614v5jx,usr_tzr0i2fjva,2025-01-19T11:27:06.591,search,,ses_dmemwyzthno9,140797
evt_kqtydcq58vbg,usr_tzr0i2fjva,2024-04-25T01:15:00.720,video_play,,ses_dmemwyzthno9,761216
evt_eofx810959dp,usr_tzr0i2fjva,2024-06-13T13:00:32.906,checkout_start,,ses_dmemwyzthno9,168476
evt_aplmy7n0yyc7,usr_tzr0i2fjva,2024-05-17T23:12:51.222,profile_view,,ses_dmemwyzthno9,251382
evt_jop82nc08qho,usr_tzr0i2fjva,2024-12-08T14:56:08.748,search,,ses_dmemwyzthno9,3700
evt_u3nx22kkjc9f,usr_tzr0i2fjva,2024-07-06T03:51:50.465,notification_click,,ses_8c01ioctbg4j,
evt_9obmpaua25s4,usr_tzr0i2fjva,2025-03-22T07:42:52.426,video_play,,ses_8c01ioctbg4j,1954147
evt_j9mrcfhe3k6g,usr_tzr0i2fjva,2024-11-21T19:29:34.698,app_open,,ses_8c01ioctbg4j,1365922
evt_f2qi4dcyk6fm,usr_tzr0i2fjva,2024-11-28T21:58:49.869,content_share,,ses_8c01ioctbg4j,219454
evt_pwcl0p6dmlka,usr_tzr0i2fjva,2025-01-23T01:08:16.050,settings_change,,ses_s56dpqfgqrg6,20614
evt_0nlfp14s1mxx,usr_tzr0i2fjva,2024-04-01T15:40:37.503,app_open,,ses_s56dpqfgqrg6,2713480
evt_6rh5r4eh7o8u,usr_tzr0i2fjva,2024-09-20T17:00:36.719,content_share,,ses_s56dpqfgqrg6,139845
evt_bl81mznhywbm,usr_tzr0i2fjva,2024-07-06T20:41:24.041,profile_view,,ses_s56dpqfgqrg6,289914
evt_nwrt0pwrom3k,usr_tzr0i2fjva,2025-01-18T06:20:56.012,profile_view,,ses_s56dpqfgqrg6,143266
evt_21tmi4brjwlk,usr_tzr0i2fjva,2024-03-12T19:00:17.120,checkout_complete,,ses_s56dpqfgqrg6,40992
evt_il4p36yvpvsd,usr_tzr0i2fjva,2024-02-08T06:25:22.076,app_open,,ses_s56dpqfgqrg6,618301
evt_sjkj9qdbkuul,usr_tzr0i2fjva,2025-04-21T06:31:39.480,checkout_complete,,ses_s56dpqfgqrg6,235739
evt_zi74eq29wvqo,usr_tzr0i2fjva,2025-02-28T10:35:22.168,checkout_start,,ses_g16ko02zphe2,162673
evt_5xmyl3sxnxmu,usr_tzr0i2fjva,2025-02-06T14:28:18.091,checkout_complete,,ses_g16ko02zphe2,13091
evt_r6foy4mdakd6,usr_tzr0i2fjva,2025-05-15T22:44:27.814,notification_click,,ses_g16ko02zphe2,
evt_u6u3wd7iqwe7,usr_tzr0i2fjva,2025-02-16T00:16:13.526,profile_view,,ses_g16ko02zphe2,23502
evt_93dpfxnyx3go,usr_tzr0i2fjva,2025-01-27T15:17:36.385,checkout_start,,ses_5rn8igo8y5pg,217207
evt_f1secv9fxu5x,usr_tzr0i2fjva,2025-02-06T04:43:13.237,app_open,,ses_5rn8igo8y5pg,1192907
evt_d4rlukpjol6t,usr_tzr0i2fjva,2024-12-31T11:15:29.604,feature_click,search,ses_5rn8igo8y5pg,188900
evt_6uwus0mm1emi,usr_tzr0i2fjva,2025-01-07T21:32:55.022,checkout_complete,,ses_5rn8igo8y5pg,299681
evt_zr35rij7k805,usr_y6mk0y72qs,2024-04-29T20:04:19.715,video_play,,ses_786hu4e67vor,3005041
evt_9i412wunf556,usr_y6mk0y72qs,2024-04-01T04:42:24.043,profile_view,,ses_786hu4e67vor,17979
evt_w2ihrk35iwp4,usr_y6mk0y72qs,2024-04-15T00:14:54.092,profile_view,,ses_786hu4e67vor,222150
evt_wzf2hgoit3vx,usr_y6mk0y72qs,2025-04-14T03:44:51.752,content_share,,ses_786hu4e67vor,287109
evt_ylu68r6y8ygy,usr_y6mk0y72qs,2024-04-11T16:57:08.635,content_share,,ses_786hu4e67vor,31823
evt_0ebtrmkoxa94,usr_y6mk0y72qs,2024-03-21T16:24:30.425,checkout_start,,ses_786hu4e67vor,116583
evt_m97vhdno7gc2,usr_y6mk0y72qs,2024-09-19T08:07:15.961,notification_click,,ses_se5yqt2s7ggb,
evt_dcuhjbiv1hbr,usr_y6mk0y72qs,2025-01-05T17:57:14.832,checkout_start,,ses_se5yqt2s7ggb,280138
evt_f0gz3vspqi2v,usr_y6mk0y72qs,2025-02-10T19:49:44.186,notification_click,,ses_se5yqt2s7ggb,
evt_gk39hv3fx5sj,usr_y6mk0y72qs,2025-02-15T19:45:18.849,checkout_complete,,ses_se5yqt2s7ggb,225204
evt_xql2em8xp5sp,usr_y6mk0y72qs,2024-08-26T19:40:30.705,app_open,,ses_se5yqt2s7ggb,2160566
evt_7lfqt0bmfxfa,usr_y6mk0y72qs,2025-05-07T13:14:24.951,checkout_start,,ses_se5yqt2s7ggb,159840
evt_qkja8fsmpo5t,usr_y6mk0y72qs,2024-06-17T11:39:35.674,feature_click,profile,ses_6zpa9vq3hx5d,288446
evt_bte4ctgyndbu,usr_y6mk0y72qs,2025-03-29T07:42:56.771,settings_change,,ses_6zpa9vq3hx5d,202499
evt_ppqit7nvbrlg,usr_y6mk0y72qs,2024-10-21T05:53:26.076,notification_click,,ses_ibeqwht8vbp1,
evt_uof1q3e7q2zf,usr_y6mk0y72qs,2024-06-25T21:32:12.871,checkout_complete,,ses_2exoi8jk7gxr,285379
evt_9w8r27i20glp,usr_y6mk0y72qs,2024-10-02T06:41:22.876,feature_click,notifications,ses_2exoi8jk7gxr,70245
evt_d0ns07f3ep8i,usr_y6mk0y72qs,2024-10-21T06:28:01.615,checkout_complete,,ses_2exoi8jk7gxr,92567
evt_tc90hpg6m4kr,usr_y6mk0y72qs,2024-09-06T08:48:19.924,checkout_complete,,ses_2exoi8jk7gxr,10297
evt_o238nhg9ve87,usr_y6mk0y72qs,2024-10-29T06:45:52.743,feature_click,homepage,ses_2exoi8jk7gxr,4738
evt_1wh7mfuac895,usr_y6mk0y72qs,2025-01-26T09:25:52.142,content_share,,ses_2exoi8jk7gxr,224825
evt_sg4gl45uhaqy,usr_y6mk0y72qs,2025-01-11T12:34:34.351,profile_view,,ses_2exoi8jk7gxr,31807
evt_cklfxo7s6ekx,usr_y6mk0y72qs,2025-04-14T12:29:38.908,notification_click,,ses_2exoi8jk7gxr,
evt_jub64qj9uaeb,usr_v58ydsryhg,2024-07-01T20:49:49.117,profile_view,,ses_ymj1kilmvo84,145958
evt_pvrxc62t50ip,usr_v58ydsryhg,2024-10-19T04:04:44.903,checkout_complete,,ses_ymj1kilmvo84,51166
evt_kbppu7blawz8,usr_v58ydsryhg,2024-05-16T21:56:06.234,checkout_complete,,ses_ymj1kilmvo84,270272
evt_iyvaz0nypt3r,usr_v58ydsryhg,2024-06-01T07:32:47.869,video_play,,ses_ymj1kilmvo84,2538315
evt_80wnrqfbd8d5,usr_v58ydsryhg,2024-03-06T17:20:52.906,notification_click,,ses_ymj1kilmvo84,
evt_p1q70m7z9w8i,usr_v58ydsryhg,2025-02-02T08:28:50.959,app_open,,ses_ymj1kilmvo84,1057240
evt_38jss8im0j3p,usr_v58ydsryhg,2025-04-04T11:39:31.836,search,,ses_ymj1kilmvo84,92671
evt_t9alpqoba8mp,usr_v58ydsryhg,2024-08-11T21:22:24.921,notification_click,,ses_ymj1kilmvo84,
evt_85nseqbhr98u,usr_v58ydsryhg,2024-07-11T08:21:10.426,checkout_complete,,ses_8et6blx6fz2m,220587
evt_lws3qnit3wqc,usr_v58ydsryhg,2023-11-08T02:31:24.649,notification_click,,ses_8et6blx6fz2m,
evt_z0f728j8yaz0,usr_v58ydsryhg,2023-11-23T20:21:16.700,content_share,,ses_wzsamtbpplrs,92303
evt_5ajwonhmvee8,usr_v58ydsryhg,2024-12-12T16:27:51.088,content_share,,ses_wzsamtbpplrs,269686
evt_a1mh8l1wxjxg,usr_v58ydsryhg,2024-07-13T15:03:57.329,app_open,,ses_2l2ee7ach0c9,967372
evt_768itbyymf9e,usr_v58ydsryhg,2024-04-28T02:17:55.816,search,,ses_2l2ee7ach0c9,141799
evt_31wfplflfwhq,usr_v58ydsryhg,2025-05-03T07:27:34.601,profile_view,,ses_2l2ee7ach0c9,257057
evt_3h49v470vka8,usr_v58ydsryhg,2024-04-04T07:11:05.199,search,,ses_2l2ee7ach0c9,139446
evt_g161vawf3mpt,usr_v58ydsryhg,2024-05-17T09:56:30.926,app_open,,ses_2l2ee7ach0c9,157154
evt_18ugfvei4l55,usr_v58ydsryhg,2024-03-19T23:56:38.077,notification_click,,ses_2l2ee7ach0c9,
evt_e6jydxxlrfnj,usr_v58ydsryhg,2023-11-06T14:24:46.359,settings_change,,ses_2l2ee7ach0c9,17527
evt_486zdhn4u37y,usr_v58ydsryhg,2025-05-17T02:54:02.734,checkout_complete,,ses_2l2ee7ach0c9,157463
evt_78fd5kzwxouf,usr_v58ydsryhg,2024-01-16T11:15:19.661,profile_view,,ses_w8yjl7ffmh8t,113277
evt_ikyfgvopy6k7,usr_v58ydsryhg,2024-04-28T22:25:49.551,video_play,,ses_9dtryqmmgwtb,2808465
evt_fgjnhgyl3yie,usr_v58ydsryhg,2024-12-05T20:12:59.361,settings_change,,ses_9dtryqmmgwtb,237849
evt_mjm5y1tirsjj,usr_v58ydsryhg,2024-04-10T13:41:12.748,checkout_complete,,ses_9dtryqmmgwtb,110170
evt_10ul8i072hht,usr_v58ydsryhg,2024-09-22T02:42:45.107,checkout_complete,,ses_5jygsrss4gpk,93268
evt_x67q9scucj82,usr_v58ydsryhg,2024-09-11T05:43:50.383,settings_change,,ses_5jygsrss4gpk,218854
evt_p9m5vvm4tkem,usr_v58ydsryhg,2025-03-12T17:40:48.776,feature_click,messages,ses_5jygsrss4gpk,291277
evt_jdgaco8fzk5x,usr_v58ydsryhg,2024-06-28T13:49:09.035,search,,ses_5jygsrss4gpk,64384
evt_ka4z1d9r4o0d,usr_v58ydsryhg,2024-03-15T16:48:07.539,content_share,,ses_c89m9lhyap8f,150022
evt_lynn6yn4cfld,usr_v58ydsryhg,2024-10-06T14:27:34.385,app_open,,ses_c89m9lhyap8f,3098590